{"type":"FeatureCollection","name":"MeteoAlarm active warnings Mediterranean","source":"MeteoAlarm / EUMETNET","source_url":"https://meteoalarm.org/en/live/","generated_at":"2026-10-07T06:53:30.608Z","reference_date":"2026-10-07T06:53:18.917Z","preset":"now","zoom":5,"bounds":[-10.5,29.0,38.0,48.5],"tile_count":15,"feature_count":83,"features":[{"type":"Feature","id":"83b25bec-dbf8-4e0b-9d63-dd0aa5daf24f","properties":{"feature_id":"83b25bec-dbf8-4e0b-9d63-dd0aa5daf24f","fid":1130206300,"country_code":"ES","level":2,"level_name":"arancione","color":"#f28e2b","type_ids":[10],"source":"MeteoAlarm","preset":"now"},"geometry":{"type":"Polygon","coordinates":[[[-5.16632080078125,43.43696596521823],[-5.0592041015625,43.41502381964653],[-5.02349853515625,43.40504748787035],[-4.94659423828125,43.36312895068202],[-4.91912841796875,43.35314407444697],[-4.73236083984375,43.36312895068202],[-4.69940185546875,43.36312895068202],[-4.5703125,43.34715236003301],[-4.537353515625,43.34715236003301],[-4.5318603515625,43.31918320532586],[-4.51263427734375,43.28320393686986],[-4.54010009765625,43.26120612479978],[-4.56756591796875,43.279204926082784],[-4.59228515625,43.29519939210698],[-4.6197509765625,43.29120116988416],[-4.67193603515625,43.27520565244536],[-4.70489501953125,43.25720566836319],[-4.72137451171875,43.22919511396501],[-4.73785400390625,43.199169514737505],[-4.78179931640625,43.18114705939969],[-4.8175048828125,43.18114705939969],[-4.844970703125,43.18515250937296],[-4.8724365234375,43.21518500735671],[-4.90264892578125,43.23319741022135],[-4.99053955078125,43.1891576965492],[-5.0262451171875,43.18314981723581],[-5.06744384765625,43.18114705939969],[-5.086669921875,43.15109780818096],[-5.09765625,43.111009147075116],[-5.1361083984375,43.09697190802465],[-5.27069091796875,43.07891929985966],[-5.32012939453125,43.08092540794885],[-5.35858154296875,43.08493742707592],[-5.39154052734375,43.082931450354366],[-5.5096435546875,43.03075300142832],[-5.55084228515625,43.02071359427861],[-5.66070556640625,43.04881979669318],[-5.6964111328125,43.04881979669318],[-5.75958251953125,42.974511174899156],[-5.7843017578125,42.96848221128034],[-5.8172607421875,42.96848221128034],[-5.855712890625,42.970491931486244],[-5.93536376953125,43.008664138452055],[-5.9600830078125,43.02272160705834],[-5.96832275390625,43.052833917627936],[-5.99853515625,43.05885460643448],[-6.21826171875,43.01067254527253],[-6.251220703125,43.01669737169671],[-6.317138671875,43.042798122701704],[-6.35833740234375,43.06688127198495],[-6.36932373046875,43.10699883578312],[-6.3720703125,43.14107810634585],[-6.3555908203125,43.169129132721004],[-6.3336181640625,43.187155135810855],[-6.2347412109375,43.177141346631714],[-6.20452880859375,43.177141346631714],[-6.15234375,43.207177786666655],[-6.10565185546875,43.22118973298754],[-6.08642578125,43.191160191587706],[-5.99853515625,43.22519255488631],[-5.9710693359375,43.22919511396501],[-5.92987060546875,43.197167282501276],[-5.90240478515625,43.177141346631714],[-5.86944580078125,43.191160191587706],[-5.83648681640625,43.19316262092608],[-5.80352783203125,43.187155135810855],[-5.7623291015625,43.18114705939969],[-5.657958984375,43.1891576965492],[-5.6195068359375,43.1891576965492],[-5.51513671875,43.16512263158296],[-5.4931640625,43.19316262092608],[-5.47393798828125,43.235198459790425],[-5.4766845703125,43.26720631662828],[-5.47119140625,43.29919735147067],[-5.39154052734375,43.381097587278575],[-5.38055419921875,43.40504748787035],[-5.3448486328125,43.42300370191847],[-5.30914306640625,43.428987923441554],[-5.19378662109375,43.438960311329645],[-5.16632080078125,43.43696596521823]]]}},{"type":"Feature","id":"04725a5b-3582-4660-bcf5-25927a2a9ae5","properties":{"feature_id":"04725a5b-3582-4660-bcf5-25927a2a9ae5","fid":1629314200,"country_code":"FR","level":2,"level_name":"arancione","color":"#f28e2b","type_ids":[3,13],"source":"MeteoAlarm","preset":"now"},"geometry":{"type":"MultiPolygon","coordinates":[[[[6.163330078125,42.99862111927108],[6.17706298828125,43.008664138452055],[6.207275390625,43.000629854450025],[6.23748779296875,43.02071359427861],[6.251220703125,43.002638523957906],[6.21002197265625,42.98254887372032],[6.163330078125,42.99862111927108]]],[[[6.39678955078125,42.99259451971113],[6.37481689453125,42.99661231842139],[6.36932373046875,43.000629854450025],[6.383056640625,43.01067254527253],[6.40777587890625,43.01870551582463],[6.4215087890625,43.01468916189517],[6.41326904296875,43.002638523957906],[6.39678955078125,42.99259451971113]]],[[[6.49017333984375,43.042798122701704],[6.48468017578125,43.038783344984836],[6.470947265625,43.01870551582463],[6.46270751953125,43.01468916189517],[6.448974609375,43.01669737169671],[6.43798828125,43.004647127794435],[6.4324951171875,43.008664138452055],[6.43524169921875,43.02071359427861],[6.44073486328125,43.024729554163486],[6.4599609375,43.03075300142832],[6.46270751953125,43.03677585761058],[6.47369384765625,43.04681263770762],[6.49017333984375,43.04881979669318],[6.50390625,43.052833917627936],[6.51214599609375,43.04681263770762],[6.50390625,43.042798122701704],[6.49017333984375,43.042798122701704]]],[[[6.67144775390625,43.75125720420174],[6.74835205078125,43.739352079154706],[6.7620849609375,43.671844983221604],[6.8994140625,43.60625069174642],[6.8829345703125,43.544566584363565],[6.9378662109375,43.484812128916026],[6.89117431640625,43.428987923441554],[6.85821533203125,43.41701888881102],[6.756591796875,43.42300370191847],[6.71539306640625,43.3511469020312],[6.5863037109375,43.279204926082784],[6.58355712890625,43.26920624914965],[6.63848876953125,43.271206115959785],[6.67144775390625,43.277205322120224],[6.69342041015625,43.26120612479978],[6.6632080078125,43.24120121425789],[6.6796875,43.199169514737505],[6.6192626953125,43.1611158676596],[6.5972900390625,43.18515250937296],[6.53411865234375,43.17313537107136],[6.492919921875,43.15109780818096],[6.38031005859375,43.14107810634585],[6.36932373046875,43.0889491834659],[6.27044677734375,43.12103377575541],[6.1962890625,43.1130142041889],[6.14959716796875,43.06487470411879],[6.14959716796875,43.042798122701704],[6.17156982421875,43.03276068583202],[6.09466552734375,43.0287452513488],[6.097412109375,43.04079076668198],[6.13311767578125,43.05684777584546],[6.1248779296875,43.07891929985966],[6.08642578125,43.08694333811321],[6.02325439453125,43.07891929985966],[6.0260009765625,43.09296067711629],[5.91339111328125,43.11902898139767],[5.88592529296875,43.117024121350475],[5.88592529296875,43.102988261740535],[5.90789794921875,43.10098287618853],[5.91064453125,43.08092540794885],[5.943603515625,43.08092540794885],[5.94635009765625,43.06888777416962],[5.91064453125,43.06487470411879],[5.888671875,43.07691312608711],[5.85296630859375,43.04881979669318],[5.7952880859375,43.06888777416962],[5.811767578125,43.1130142041889],[5.6744384765625,43.18114705939969],[5.7568359375,43.28520334369384],[5.72662353515625,43.317184915667056],[5.6689453125,43.31918320532586],[5.68267822265625,43.39906090005085],[5.7843017578125,43.419013892244685],[5.69915771484375,43.48281929474003],[5.723876953125,43.55252937447482],[5.6689453125,43.580390855607845],[5.79254150390625,43.659924074789096],[5.745849609375,43.71950494269108],[5.9271240234375,43.75125720420174],[6.01776123046875,43.671844983221604],[6.22650146484375,43.798854027203525],[6.3775634765625,43.74133643108268],[6.624755859375,43.7968715826214],[6.67144775390625,43.75125720420174]]]]}},{"type":"Feature","id":"ccb13fc9-784e-4ad6-b3e7-4d8cd6227ec6","properties":{"feature_id":"ccb13fc9-784e-4ad6-b3e7-4d8cd6227ec6","fid":679702000,"country_code":"FR","level":2,"level_name":"arancione","color":"#f28e2b","type_ids":[3,12,13],"source":"MeteoAlarm","preset":"now"},"geometry":{"type":"Polygon","coordinates":[[[3.82598876953125,43.937461690316646],[3.8067626953125,43.878097874251715],[3.834228515625,43.86819814895608],[3.9166259765625,43.886016470434214],[4.13360595703125,43.74133643108268],[4.19403076171875,43.65396273281938],[4.10064697265625,43.554519907634976],[3.504638671875,43.27320591705845],[3.394775390625,43.28520334369384],[3.240966796875,43.21318330073887],[3.18603515625,43.2512044908875],[3.0157470703125,43.277205322120224],[2.99652099609375,43.31918320532586],[2.84820556640625,43.32517767999294],[2.7520751953125,43.25520534158046],[2.54608154296875,43.34315755514772],[2.581787109375,43.41302868475145],[2.67242431640625,43.51668853502907],[2.61474609375,43.566461725889596],[2.64495849609375,43.659924074789096],[2.7685546875,43.61818225281826],[2.91961669921875,43.6877358451981],[3.043212890625,43.69766549666678],[3.065185546875,43.83452678223683],[3.24371337890625,43.84641296470238],[3.30413818359375,43.89393401411192],[3.58978271484375,43.85829677916184],[3.73809814453125,43.96909818325172],[3.82598876953125,43.937461690316646]]]}},{"type":"Feature","id":"cd52558f-ab2c-4691-8de4-39f8c03d9ffa","properties":{"feature_id":"cd52558f-ab2c-4691-8de4-39f8c03d9ffa","fid":1288790600,"country_code":"FR","level":2,"level_name":"arancione","color":"#f28e2b","type_ids":[3,12,13],"source":"MeteoAlarm","preset":"now"},"geometry":{"type":"Polygon","coordinates":[[[4.04571533203125,44.319918120477425],[4.25445556640625,44.264871151101985],[4.39178466796875,44.34742225636391],[4.6527099609375,44.29043508918884],[4.71588134765625,44.19008202504052],[4.7186279296875,44.08561218844469],[4.757080078125,44.087585028245165],[4.844970703125,43.99676629896823],[4.75433349609375,43.92163712834674],[4.6417236328125,43.86819814895608],[4.625244140625,43.69369383336775],[4.4989013671875,43.7016368969126],[4.4384765625,43.6102281417864],[4.46868896484375,43.600284023536325],[4.24346923828125,43.45890015705447],[4.12811279296875,43.48879760004999],[4.13909912109375,43.53062917044241],[4.10064697265625,43.554519907634976],[4.19403076171875,43.65396273281938],[4.13360595703125,43.74133643108268],[3.9166259765625,43.886016470434214],[3.834228515625,43.86819814895608],[3.8067626953125,43.878097874251715],[3.82598876953125,43.937461690316646],[3.73809814453125,43.96909818325172],[3.58978271484375,43.85829677916184],[3.30413818359375,43.89393401411192],[3.43597412109375,44.02837121279198],[3.27117919921875,44.09744824027576],[3.3673095703125,44.18614312298759],[3.46343994140625,44.12702800650005],[3.63372802734375,44.121113237653674],[3.66668701171875,44.17629471627438],[3.8397216796875,44.134913443750726],[3.9495849609375,44.17235489295946],[3.966064453125,44.26683800273896],[3.8946533203125,44.3788397590886],[3.988037109375,44.451428201063976],[4.04571533203125,44.319918120477425]]]}},{"type":"Feature","id":"e5c82a99-2467-4bb7-bf68-5506e3392046","properties":{"feature_id":"e5c82a99-2467-4bb7-bf68-5506e3392046","fid":525418200,"country_code":"FR","level":2,"level_name":"arancione","color":"#f28e2b","type_ids":[3,13],"source":"MeteoAlarm","preset":"now"},"geometry":{"type":"Polygon","coordinates":[[[5.01251220703125,43.83650797709094],[5.04547119140625,43.79092385423619],[5.1910400390625,43.73538317799621],[5.3118896484375,43.73736766145916],[5.59478759765625,43.659924074789096],[5.745849609375,43.71950494269108],[5.79254150390625,43.659924074789096],[5.6689453125,43.580390855607845],[5.723876953125,43.55252937447482],[5.69915771484375,43.48281929474003],[5.7843017578125,43.419013892244685],[5.68267822265625,43.39906090005085],[5.6689453125,43.31918320532586],[5.72662353515625,43.317184915667056],[5.7568359375,43.28520334369384],[5.6744384765625,43.18114705939969],[5.3558349609375,43.209179690393555],[5.3118896484375,43.361132106881726],[5.0592041015625,43.3291736678439],[4.97406005859375,43.421008829947255],[4.8614501953125,43.337164854911094],[4.55657958984375,43.38508989465153],[4.58953857421875,43.419013892244685],[4.482421875,43.4569064682903],[4.24346923828125,43.45890015705447],[4.46868896484375,43.600284023536325],[4.4384765625,43.6102281417864],[4.4989013671875,43.7016368969126],[4.625244140625,43.69369383336775],[4.6417236328125,43.86819814895608],[4.75433349609375,43.92163712834674],[5.01251220703125,43.83650797709094]]]}},{"type":"Feature","id":"e61204ae-40e6-4ac8-8868-d41d56cec3f9","properties":{"feature_id":"e61204ae-40e6-4ac8-8868-d41d56cec3f9","fid":570456500,"country_code":"IT","level":2,"level_name":"arancione","color":"#f28e2b","type_ids":[3,10],"source":"MeteoAlarm","preset":"now"},"geometry":{"type":"Polygon","coordinates":[[[14.51019287109375,41.38093038831799],[14.61181640625,41.36650286632722],[14.6832275390625,41.41183573100124],[14.7381591796875,41.40771586770284],[14.78485107421875,41.45096140120389],[14.85626220703125,41.42419375330273],[15.01007080078125,41.48594858993135],[15.09796142578125,41.420074673805914],[15.05950927734375,41.36031866306708],[15.14739990234375,41.283998505385945],[15.27374267578125,41.25716209782705],[15.25177001953125,41.19725651800891],[15.21331787109375,41.16211393939691],[15.24078369140625,41.13315883477397],[15.27923583984375,41.10212132036491],[15.3204345703125,41.09177222097664],[15.40283203125,41.10212132036491],[15.50445556640625,41.066927730193456],[15.54290771484375,41.054501963290505],[15.55389404296875,41.03793062246528],[15.57037353515625,40.9840449469281],[15.53741455078125,40.92596493951429],[15.4632568359375,40.86991083161536],[15.3533935546875,40.88029480552823],[15.3863525390625,40.728527124205996],[15.4962158203125,40.65147128144056],[15.44952392578125,40.611867443030064],[15.809326171875,40.262760664371825],[15.75164794921875,40.210343242362434],[15.66650390625,40.0759697987031],[15.64453125,40.04023218690449],[15.5950927734375,40.071766346626106],[15.5181884765625,40.06335866416329],[15.42205810546875,39.98343393295322],[15.260009765625,40.017097863137614],[15.27923583984375,40.057052221322],[15.26275634765625,40.0759697987031],[15.1776123046875,40.12429084831404],[15.11993408203125,40.172577576321686],[15.06500244140625,40.164182350374176],[15.0238037109375,40.17467622056339],[14.99908447265625,40.20824570152502],[14.94140625,40.2313150803688],[14.93316650390625,40.225024210604964],[14.89471435546875,40.25018418381985],[14.94415283203125,40.281621002147965],[14.9359130859375,40.31723173231523],[14.94415283203125,40.33817045213393],[14.9688720703125,40.34445080136367],[14.9853515625,40.35910267579198],[14.99359130859375,40.3549167507906],[14.99908447265625,40.37793612222414],[14.9853515625,40.4197693814462],[14.9359130859375,40.48664852056081],[14.87823486328125,40.582670638095294],[14.7930908203125,40.65772237175812],[14.75738525390625,40.6723059714534],[14.72442626953125,40.66397287638688],[14.69146728515625,40.628545606365854],[14.6282958984375,40.645219605453754],[14.578857421875,40.611867443030064],[14.52392578125,40.60561205826018],[14.4854736328125,40.62437645591559],[14.29595947265625,40.5534610833091],[14.1943359375,40.52423878069865],[14.1943359375,40.55972134684839],[14.34814453125,40.634798844041626],[14.4415283203125,40.6868863821511],[14.468994140625,40.72228267283149],[14.44427490234375,40.74933773045482],[14.40582275390625,40.74933773045482],[14.30419921875,40.82420199848988],[14.249267578125,40.82628035667713],[14.21905517578125,40.82212357516944],[14.2108154296875,40.79925662005226],[14.18609619140625,40.7909394098518],[14.161376953125,40.7909394098518],[14.08447265625,40.76598152771281],[13.8812255859375,40.661889439921694],[13.8262939453125,40.74101426921151],[13.8922119140625,40.77430186363721],[14.007568359375,40.77430186363721],[14.04052734375,40.84913799774759],[14.0020751953125,40.94463908579306],[13.919677734375,41.02342727608894],[13.90045166015625,41.0710691308064],[13.84552001953125,41.14350141139075],[13.81805419921875,41.17865397233169],[13.7603759765625,41.22205169039093],[13.78509521484375,41.240641902694755],[13.88671875,41.294317263152564],[13.8812255859375,41.34382458118569],[13.87298583984375,41.372686481864655],[13.87298583984375,41.418015036080234],[13.9801025390625,41.46537017728069],[14.0460205078125,41.399475357337565],[14.117431640625,41.38917324986403],[14.0789794921875,41.45096140120389],[14.1229248046875,41.50652046891491],[14.4635009765625,41.42419375330273],[14.51019287109375,41.38093038831799]]]}},{"type":"Feature","id":"01c9db7f-98ff-4108-a05e-4fb2643e6c24","properties":{"feature_id":"01c9db7f-98ff-4108-a05e-4fb2643e6c24","fid":691630000,"country_code":"ES","level":3,"level_name":"giallo","color":"#ffd54f","type_ids":[3,10],"source":"MeteoAlarm","preset":"now"},"geometry":{"type":"Polygon","coordinates":[[[1.0546875,42.78129125156276],[1.0821533203125,42.775243380699706],[1.1151123046875,42.76314586689493],[1.1590576171875,42.71876810260633],[1.20574951171875,42.71069600569495],[1.3348388671875,42.71876810260633],[1.3623046875,42.712714128355564],[1.4227294921875,42.623854658556496],[1.4501953125,42.601619944327965],[1.43096923828125,42.56926437219385],[1.43096923828125,42.52677220056901],[1.4447021484375,42.46804498583045],[1.45843505859375,42.43967417814943],[1.6973876953125,42.48627657532139],[1.73309326171875,42.50450285299051],[1.7413330078125,42.43764720010869],[1.77978515625,42.42548395494744],[1.812744140625,42.411290519028185],[1.84295654296875,42.38086519582322],[1.84844970703125,42.307784242136925],[1.70013427734375,42.27730877423707],[1.6864013671875,42.24071874922667],[1.69189453125,42.20207291264875],[1.7303466796875,42.17968819665962],[1.71661376953125,42.136931727161475],[1.6973876953125,42.096184423802946],[1.66717529296875,42.108411365705855],[1.60125732421875,42.11859868281563],[1.5655517578125,42.12063594974363],[1.47491455078125,42.08599350447723],[1.439208984375,42.09210825254959],[1.32659912109375,42.12674735753131],[1.29364013671875,42.12063594974363],[1.07666015625,42.039094188385945],[1.04095458984375,42.03297433244139],[0.93109130859375,42.02277326296909],[0.8953857421875,42.0370543018838],[0.8624267578125,42.04113400940808],[0.76904296875,42.039094188385945],[0.7305908203125,42.053371560433604],[0.70037841796875,42.06560675405716],[0.67291259765625,42.06968462804664],[0.68389892578125,42.10026033308264],[0.703125,42.18375873465217],[0.7470703125,42.31387756616186],[0.75531005859375,42.354484651067445],[0.7086181640625,42.44980808481614],[0.71136474609375,42.48425110546248],[0.736083984375,42.5105770984241],[0.7525634765625,42.56319583292738],[0.76629638671875,42.599598213058606],[0.80474853515625,42.61374895431491],[0.8734130859375,42.62587560259136],[0.9063720703125,42.61172761665584],[0.9393310546875,42.595554553719204],[0.95306396484375,42.61981257367216],[0.9722900390625,42.68243539838621],[0.99151611328125,42.71675017681162],[1.0162353515625,42.751045990383524],[1.02447509765625,42.783307077249624],[1.0546875,42.78129125156276]]]}},{"type":"Feature","id":"0ef0f2bf-7f3f-4495-afbd-559c26e2779e","properties":{"feature_id":"0ef0f2bf-7f3f-4495-afbd-559c26e2779e","fid":793413500,"country_code":"ES","level":3,"level_name":"giallo","color":"#ffd54f","type_ids":[3,10],"source":"MeteoAlarm","preset":"now"},"geometry":{"type":"Polygon","coordinates":[[[-5.90789794921875,43.5784011771835],[-5.85296630859375,43.55053877556738],[-5.83648681640625,43.52465500687186],[-5.83099365234375,43.49477531370229],[-5.8721923828125,43.49676775343911],[-5.91339111328125,43.49676775343911],[-5.94635009765625,43.48082639482503],[-5.97930908203125,43.47484730064833],[-6.01226806640625,43.5007524356904],[-6.04522705078125,43.49278280822501],[-6.1358642578125,43.42499850815809],[-6.17431640625,43.43297707579559],[-6.21551513671875,43.44893105587765],[-6.23199462890625,43.484812128916026],[-6.27044677734375,43.49079023700749],[-6.31439208984375,43.484812128916026],[-6.339111328125,43.462887337374355],[-6.3555908203125,43.42699324866587],[-6.38580322265625,43.434971553373465],[-6.514892578125,43.450925007583706],[-6.56158447265625,43.45491271379027],[-6.6522216796875,43.44494295526125],[-6.6851806640625,43.44893105587765],[-6.78131103515625,43.468867614829236],[-6.80877685546875,43.46488082892955],[-6.92138671875,43.395069512861355],[-6.95709228515625,43.38309377382829],[-6.976318359375,43.41701888881102],[-6.998291015625,43.466874254747935],[-7.042236328125,43.47484730064833],[-7.03948974609375,43.51668853502907],[-7.0257568359375,43.544566584363565],[-6.92413330078125,43.56845179881219],[-6.888427734375,43.56845179881219],[-6.85272216796875,43.560491112629286],[-6.8060302734375,43.55651037504758],[-6.66595458984375,43.5644715872181],[-6.6192626953125,43.5644715872181],[-6.5753173828125,43.554519907634976],[-6.52862548828125,43.54655738051152],[-6.3885498046875,43.548548110912876],[-6.3446044921875,43.55252937447482],[-6.2347412109375,43.5784011771835],[-6.1962890625,43.580390855607845],[-6.15234375,43.566461725889596],[-6.10565185546875,43.55651037504758],[-5.9710693359375,43.58635949637694],[-5.93536376953125,43.59630591596549],[-5.90789794921875,43.5784011771835]]]}},{"type":"Feature","id":"0f3f00fa-7e24-4d65-abde-e976827bbb56","properties":{"feature_id":"0f3f00fa-7e24-4d65-abde-e976827bbb56","fid":835287300,"country_code":"ES","level":3,"level_name":"giallo","color":"#ffd54f","type_ids":[3,10],"source":"MeteoAlarm","preset":"now"},"geometry":{"type":"MultiPolygon","coordinates":[[[[1.57928466796875,38.65977773071253],[1.54083251953125,38.661922419754355],[1.50787353515625,38.683365777523704],[1.5380859375,38.69194132204093],[1.57379150390625,38.6897975322717],[1.57928466796875,38.65977773071253]]],[[[1.50787353515625,38.683365777523704],[1.4666748046875,38.683365777523704],[1.43646240234375,38.67693344463792],[1.4007568359375,38.674789205205954],[1.395263671875,38.72194763292809],[1.41448974609375,38.741230753812296],[1.439208984375,38.75622513783908],[1.46392822265625,38.741230753812296],[1.4886474609375,38.71337568625472],[1.50787353515625,38.683365777523704]]],[[[1.5765380859375,38.991437336978805],[1.5325927734375,38.94872939211094],[1.4996337890625,38.93377552819721],[1.35955810546875,38.87820499706149],[1.32110595703125,38.87179021382535],[1.26068115234375,38.87606680031535],[1.22772216796875,38.888895015761776],[1.23321533203125,38.92736576394248],[1.26068115234375,38.946593318933736],[1.29364013671875,38.96368010198575],[1.3018798828125,39.0362529596366],[1.33758544921875,39.05758374935667],[1.37603759765625,39.07464374293251],[1.50238037109375,39.108751359358585],[1.54083251953125,39.108751359358585],[1.5875244140625,39.05545096025855],[1.60125732421875,39.021317574376795],[1.5765380859375,38.991437336978805]]]]}},{"type":"Feature","id":"13d6ffbc-6672-4e3e-b254-18b859619131","properties":{"feature_id":"13d6ffbc-6672-4e3e-b254-18b859619131","fid":49564500,"country_code":"ES","level":3,"level_name":"giallo","color":"#ffd54f","type_ids":[3,10],"source":"MeteoAlarm","preset":"now"},"geometry":{"type":"Polygon","coordinates":[[[-1.25244140625,43.04480541304369],[-1.2249755859375,43.03476830455954],[-1.13983154296875,43.01067254527253],[-1.109619140625,43.004647127794435],[-1.0162353515625,42.9905855218512],[-0.9832763671875,42.976520698105524],[-0.95306396484375,42.956422511073335],[-0.92010498046875,42.9524020856897],[-0.8184814453125,42.95039177450287],[-0.780029296875,42.93430692117159],[-0.7965087890625,42.906148316266716],[-0.8514404296875,42.851806095847046],[-0.8514404296875,42.81555136172695],[-0.85418701171875,42.779275360241904],[-0.88165283203125,42.75911283724356],[-0.9063720703125,42.738943751243774],[-1.0052490234375,42.70464124398721],[-1.03271484375,42.702622858843895],[-1.043701171875,42.7349091465156],[-1.0601806640625,42.75911283724356],[-1.1041259765625,42.769194919140524],[-1.1370849609375,42.78129125156276],[-1.15081787109375,42.81152174509789],[-1.16729736328125,42.83770955984962],[-1.20574951171875,42.85381962412133],[-1.241455078125,42.85985981506279],[-1.26068115234375,42.83166720261408],[-1.285400390625,42.81152174509789],[-1.3787841796875,42.833681387335886],[-1.417236328125,42.84777884235987],[-1.47491455078125,42.87797684287408],[-1.505126953125,42.87395129624056],[-1.56005859375,42.851806095847046],[-1.59027099609375,42.85381962412133],[-1.58477783203125,42.88803956056296],[-1.56005859375,43.01468916189517],[-1.549072265625,43.04079076668198],[-1.483154296875,43.04681263770762],[-1.45294189453125,43.05484087957651],[-1.4117431640625,43.042798122701704],[-1.36505126953125,43.03075300142832],[-1.3348388671875,43.0889491834659],[-1.25244140625,43.04480541304369]]]}},{"type":"Feature","id":"4ce3f3c6-4fed-4c88-bc3c-78c5becf582c","properties":{"feature_id":"4ce3f3c6-4fed-4c88-bc3c-78c5becf582c","fid":476202400,"country_code":"ES","level":3,"level_name":"giallo","color":"#ffd54f","type_ids":[3,10],"source":"MeteoAlarm","preset":"now"},"geometry":{"type":"Polygon","coordinates":[[[-5.82000732421875,43.638062927534826],[-5.789794921875,43.616193823691866],[-5.68817138671875,43.54655738051152],[-5.65521240234375,43.54257572246922],[-5.416259765625,43.554519907634976],[-5.3887939453125,43.55252937447482],[-5.30364990234375,43.536602742310315],[-5.28167724609375,43.52465500687186],[-5.218505859375,43.47684039777892],[-5.1800537109375,43.47684039777892],[-5.13336181640625,43.48281929474003],[-5.0921630859375,43.47484730064833],[-5.0537109375,43.462887337374355],[-5.00701904296875,43.460893780082586],[-4.95758056640625,43.460893780082586],[-4.9273681640625,43.4569064682903],[-4.77630615234375,43.42300370191847],[-4.7406005859375,43.41502381964653],[-4.56207275390625,43.39706523932025],[-4.51812744140625,43.389081939117496],[-4.537353515625,43.34715236003301],[-4.5703125,43.34715236003301],[-4.69940185546875,43.36312895068202],[-4.73236083984375,43.36312895068202],[-4.91912841796875,43.35314407444697],[-4.94659423828125,43.36312895068202],[-5.02349853515625,43.40504748787035],[-5.0592041015625,43.41502381964653],[-5.16632080078125,43.43696596521823],[-5.19378662109375,43.438960311329645],[-5.30914306640625,43.428987923441554],[-5.3448486328125,43.42300370191847],[-5.38055419921875,43.40504748787035],[-5.42724609375,43.41302868475145],[-5.526123046875,43.421008829947255],[-5.5755615234375,43.428987923441554],[-5.64422607421875,43.45491271379027],[-5.72113037109375,43.44893105587765],[-5.7568359375,43.45291889355465],[-5.79254150390625,43.47484730064833],[-5.83099365234375,43.49477531370229],[-5.83648681640625,43.52465500687186],[-5.85296630859375,43.55053877556738],[-5.90789794921875,43.5784011771835],[-5.93536376953125,43.59630591596549],[-5.8502197265625,43.6499881760459],[-5.82000732421875,43.638062927534826]]]}},{"type":"Feature","id":"62dce667-0db2-45be-9346-814169376b24","properties":{"feature_id":"62dce667-0db2-45be-9346-814169376b24","fid":1380031500,"country_code":"ES","level":3,"level_name":"giallo","color":"#ffd54f","type_ids":[3,10],"source":"MeteoAlarm","preset":"now"},"geometry":{"type":"Polygon","coordinates":[[[2.933349609375,39.80220607474972],[2.8948974609375,39.808536041445905],[2.757568359375,39.72197606377427],[2.74658203125,39.65434146406167],[2.713623046875,39.65857056750545],[2.61199951171875,39.65434146406167],[2.59002685546875,39.637422462817014],[2.5653076171875,39.6078042499951],[2.5323486328125,39.597223244955636],[2.493896484375,39.60145584097],[2.46368408203125,39.622614940942974],[2.43621826171875,39.65222681530652],[2.46368408203125,39.65645604812829],[2.548828125,39.69662085337441],[2.5762939453125,39.71352536237345],[2.77130126953125,39.85072092501596],[2.8070068359375,39.863371338285305],[2.87841796875,39.88655770592847],[2.91412353515625,39.89920151156921],[2.933349609375,39.80220607474972]]]}},{"type":"Feature","id":"65e530ab-0c46-46e9-89b1-66d993103543","properties":{"feature_id":"65e530ab-0c46-46e9-89b1-66d993103543","fid":726503800,"country_code":"ES","level":3,"level_name":"giallo","color":"#ffd54f","type_ids":[3,10],"source":"MeteoAlarm","preset":"now"},"geometry":{"type":"Polygon","coordinates":[[[3.05145263671875,39.92869465373237],[3.07891845703125,39.91184298474966],[3.13934326171875,39.795875525297085],[3.16131591796875,39.76421403751559],[3.22174072265625,39.740986355883564],[3.26019287109375,39.734650174341866],[3.2958984375,39.75576851405811],[3.34259033203125,39.78532331459258],[3.3673095703125,39.776880380637024],[3.44696044921875,39.72620102617506],[3.44696044921875,39.69028059481802],[3.44146728515625,39.66068502219228],[3.43048095703125,39.62896140981414],[3.40850830078125,39.65645604812829],[3.38104248046875,39.66702799810168],[3.34259033203125,39.65011210186372],[3.30413818359375,39.643767573418494],[3.27392578125,39.66702799810168],[3.24371337890625,39.68182601089364],[3.2080078125,39.69662085337441],[3.17779541015625,39.69239407904182],[3.14483642578125,39.68393975392732],[3.09814453125,39.68393975392732],[2.977294921875,39.74943369178246],[2.9498291015625,39.77054750039528],[2.933349609375,39.80220607474972],[2.91412353515625,39.89920151156921],[2.9443359375,39.905522539728544],[3.021240234375,39.932906922969764],[3.05145263671875,39.92869465373237]]]}},{"type":"Feature","id":"6fd15a28-1ebc-407c-921f-205841a1ac20","properties":{"feature_id":"6fd15a28-1ebc-407c-921f-205841a1ac20","fid":1135440800,"country_code":"ES","level":3,"level_name":"giallo","color":"#ffd54f","type_ids":[10],"source":"MeteoAlarm","preset":"now"},"geometry":{"type":"Polygon","coordinates":[[[-6.998291015625,43.466874254747935],[-6.976318359375,43.41701888881102],[-6.95709228515625,43.38309377382829],[-6.92138671875,43.395069512861355],[-6.80877685546875,43.46488082892955],[-6.78131103515625,43.468867614829236],[-6.6851806640625,43.44893105587765],[-6.6522216796875,43.44494295526125],[-6.56158447265625,43.45491271379027],[-6.514892578125,43.450925007583706],[-6.38580322265625,43.434971553373465],[-6.3555908203125,43.42699324866587],[-6.3336181640625,43.395069512861355],[-6.30340576171875,43.35314407444697],[-6.3116455078125,43.32717570677798],[-6.328125,43.30119623257965],[-6.33636474609375,43.26720631662828],[-6.339111328125,43.21518500735671],[-6.3336181640625,43.187155135810855],[-6.3555908203125,43.169129132721004],[-6.3720703125,43.14107810634585],[-6.36932373046875,43.10699883578312],[-6.35833740234375,43.06688127198495],[-6.37481689453125,43.03677585761058],[-6.43524169921875,42.94637095514084],[-6.4599609375,42.93430692117159],[-6.53411865234375,42.914194945105294],[-6.57806396484375,42.916206438173525],[-6.61376953125,42.92224052343342],[-6.646728515625,42.92224052343342],[-6.74560546875,42.902124607912754],[-6.778564453125,42.900112655253274],[-6.80328369140625,42.90816007196053],[-6.83349609375,42.90816007196053],[-6.844482421875,42.94637095514084],[-6.8719482421875,42.98254887372032],[-6.910400390625,42.99862111927108],[-6.943359375,43.004647127794435],[-6.9818115234375,43.01870551582463],[-6.96807861328125,43.05484087957651],[-6.943359375,43.07891929985966],[-6.8829345703125,43.10098287618853],[-6.84173583984375,43.12103377575541],[-6.85546875,43.1571088409533],[-6.8829345703125,43.17914423586489],[-6.92962646484375,43.18314981723581],[-6.9708251953125,43.1891576965492],[-7.04498291015625,43.23719944365307],[-7.06695556640625,43.25520534158046],[-7.07794189453125,43.28120446433275],[-7.09991455078125,43.29919735147067],[-7.11639404296875,43.3291736678439],[-7.13836669921875,43.35314407444697],[-7.1685791015625,43.389081939117496],[-7.14111328125,43.419013892244685],[-7.07794189453125,43.4569064682903],[-7.042236328125,43.47484730064833],[-6.998291015625,43.466874254747935]]]}},{"type":"Feature","id":"78e1e5d8-36a8-4fc8-8f5c-d10bf40fdf0d","properties":{"feature_id":"78e1e5d8-36a8-4fc8-8f5c-d10bf40fdf0d","fid":92349900,"country_code":"ES","level":3,"level_name":"giallo","color":"#ffd54f","type_ids":[10],"source":"MeteoAlarm","preset":"now"},"geometry":{"type":"Polygon","coordinates":[[[-4.56756591796875,43.279204926082784],[-4.54010009765625,43.26120612479978],[-4.52911376953125,43.22319117678929],[-4.4769287109375,43.09095496313368],[-4.471435546875,43.05885460643448],[-4.50439453125,43.04079076668198],[-4.55108642578125,43.02071359427861],[-4.59228515625,43.01870551582463],[-4.72686767578125,43.02071359427861],[-4.7406005859375,43.05082689000005],[-4.8504638671875,43.125043167401266],[-4.844970703125,43.153101551466385],[-4.844970703125,43.18515250937296],[-4.8175048828125,43.18114705939969],[-4.78179931640625,43.18114705939969],[-4.73785400390625,43.199169514737505],[-4.72137451171875,43.22919511396501],[-4.70489501953125,43.25720566836319],[-4.67193603515625,43.27520565244536],[-4.6197509765625,43.29120116988416],[-4.59228515625,43.29519939210698],[-4.56756591796875,43.279204926082784]]]}},{"type":"Feature","id":"7cc90888-bbea-4ca5-ae4d-55947f5f49ce","properties":{"feature_id":"7cc90888-bbea-4ca5-ae4d-55947f5f49ce","fid":411555200,"country_code":"ES","level":3,"level_name":"giallo","color":"#ffd54f","type_ids":[10],"source":"MeteoAlarm","preset":"now"},"geometry":{"type":"Polygon","coordinates":[[[-5.97930908203125,43.47484730064833],[-5.94635009765625,43.48082639482503],[-5.91339111328125,43.49676775343911],[-5.8721923828125,43.49676775343911],[-5.83099365234375,43.49477531370229],[-5.79254150390625,43.47484730064833],[-5.7568359375,43.45291889355465],[-5.72113037109375,43.44893105587765],[-5.64422607421875,43.45491271379027],[-5.5755615234375,43.428987923441554],[-5.526123046875,43.421008829947255],[-5.42724609375,43.41302868475145],[-5.38055419921875,43.40504748787035],[-5.39154052734375,43.381097587278575],[-5.47119140625,43.29919735147067],[-5.4766845703125,43.26720631662828],[-5.47393798828125,43.235198459790425],[-5.4931640625,43.19316262092608],[-5.51513671875,43.16512263158296],[-5.6195068359375,43.1891576965492],[-5.657958984375,43.1891576965492],[-5.7623291015625,43.18114705939969],[-5.80352783203125,43.187155135810855],[-5.83648681640625,43.19316262092608],[-5.86944580078125,43.191160191587706],[-5.90240478515625,43.177141346631714],[-5.92987060546875,43.197167282501276],[-5.9710693359375,43.22919511396501],[-5.99853515625,43.22519255488631],[-6.08642578125,43.191160191587706],[-6.10565185546875,43.22118973298754],[-6.15234375,43.207177786666655],[-6.20452880859375,43.177141346631714],[-6.2347412109375,43.177141346631714],[-6.3336181640625,43.187155135810855],[-6.339111328125,43.21518500735671],[-6.33636474609375,43.26720631662828],[-6.328125,43.30119623257965],[-6.3116455078125,43.32717570677798],[-6.30340576171875,43.35314407444697],[-6.3336181640625,43.395069512861355],[-6.3555908203125,43.42699324866587],[-6.339111328125,43.462887337374355],[-6.31439208984375,43.484812128916026],[-6.27044677734375,43.49079023700749],[-6.23199462890625,43.484812128916026],[-6.21551513671875,43.44893105587765],[-6.17431640625,43.43297707579559],[-6.1358642578125,43.42499850815809],[-6.04522705078125,43.49278280822501],[-6.01226806640625,43.5007524356904],[-5.97930908203125,43.47484730064833]]]}},{"type":"Feature","id":"7d1b3f8c-ab4c-4d4a-8cf4-c0c9d732baa9","properties":{"feature_id":"7d1b3f8c-ab4c-4d4a-8cf4-c0c9d732baa9","fid":1020833700,"country_code":"ES","level":3,"level_name":"giallo","color":"#ffd54f","type_ids":[3,10],"source":"MeteoAlarm","preset":"now"},"geometry":{"type":"Polygon","coordinates":[[[2.933349609375,39.80220607474972],[2.9498291015625,39.77054750039528],[2.977294921875,39.74943369178246],[3.09814453125,39.68393975392732],[3.14483642578125,39.68393975392732],[3.17779541015625,39.69239407904182],[3.2080078125,39.69662085337441],[3.24371337890625,39.68182601089364],[3.218994140625,39.662799412187866],[3.1640625,39.62896140981414],[3.1475830078125,39.542175961711955],[3.10638427734375,39.533703270087045],[3.08441162109375,39.510398035781925],[3.06243896484375,39.48072551903439],[3.02398681640625,39.47012512235817],[2.977294921875,39.46376410904089],[2.9608154296875,39.51887357127223],[2.91961669921875,39.52099229357196],[2.88116455078125,39.52946653645165],[2.79876708984375,39.616267889997026],[2.7740478515625,39.64165260123416],[2.74658203125,39.65434146406167],[2.757568359375,39.72197606377427],[2.8948974609375,39.808536041445905],[2.933349609375,39.80220607474972]]]}},{"type":"Feature","id":"b7c9b199-6c2d-46f5-8042-5a8d43f0808e","properties":{"feature_id":"b7c9b199-6c2d-46f5-8042-5a8d43f0808e","fid":1076047700,"country_code":"ES","level":3,"level_name":"giallo","color":"#ffd54f","type_ids":[3,10],"source":"MeteoAlarm","preset":"now"},"geometry":{"type":"Polygon","coordinates":[[[-0.7086181640625,42.88401467044253],[-0.6097412109375,42.835695506414524],[-0.59051513671875,42.81353658623225],[-0.57403564453125,42.78935416050277],[-0.5438232421875,42.79943131987837],[-0.5108642578125,42.82159529436949],[-0.48065185546875,42.82159529436949],[-0.39825439453125,42.801446554843345],[-0.362548828125,42.81353658623225],[-0.31036376953125,42.83972354764083],[-0.2801513671875,42.829652952249425],[-0.16754150390625,42.783307077249624],[-0.14007568359375,42.76314586689493],[-0.06866455078125,42.698585891698414],[-0.0384521484375,42.6905111699824],[-0.00823974609375,42.68647341541784],[0.032958984375,42.69454866207692],[0.15380859375,42.72885674723189],[0.186767578125,42.732891745712855],[0.22796630859375,42.72280375732726],[0.263671875,42.71069600569495],[0.2911376953125,42.68041629144621],[0.32684326171875,42.67839711889055],[0.38726806640625,42.6925299488386],[0.428466796875,42.6925299488386],[0.46966552734375,42.698585891698414],[0.516357421875,42.6925299488386],[0.63720703125,42.6905111699824],[0.6646728515625,42.684454439710215],[0.6866455078125,42.65012181368023],[0.714111328125,42.61981257367216],[0.74432373046875,42.61374895431491],[0.76629638671875,42.599598213058606],[0.7525634765625,42.56319583292738],[0.736083984375,42.5105770984241],[0.71136474609375,42.48425110546248],[0.7086181640625,42.44980808481614],[0.75531005859375,42.354484651067445],[0.7470703125,42.31387756616186],[0.703125,42.18375873465217],[0.68389892578125,42.10026033308264],[0.67291259765625,42.06968462804664],[0.59600830078125,41.9778691117017],[0.5712890625,41.95540515378059],[0.49163818359375,41.98603585974727],[0.46142578125,42.006448147079894],[0.41748046875,42.0574502202468],[0.37353515625,42.06560675405716],[0.33782958984375,42.06356771883277],[0.3021240234375,42.0574502202468],[0.318603515625,42.08599350447723],[0.3240966796875,42.12267315117257],[0.3240966796875,42.16543925006434],[0.29937744140625,42.200038266046754],[0.27191162109375,42.224449701009725],[0.22247314453125,42.2183477267933],[0.1812744140625,42.22038178372061],[0.0933837890625,42.2834050474808],[0.06591796875,42.301690328244504],[-0.0274658203125,42.31387756616186],[-0.098876953125,42.30981541568666],[-0.142822265625,42.307784242136925],[-0.21697998046875,42.33215399891371],[-0.24444580078125,42.33824496335083],[-0.4449462890625,42.33824496335083],[-0.4833984375,42.34636533160187],[-0.61798095703125,42.413318349422475],[-0.6536865234375,42.43359304732315],[-0.6976318359375,42.48425110546248],[-0.8404541015625,42.44575471885852],[-0.87890625,42.45183466943919],[-0.8953857421875,42.49640294093706],[-0.9173583984375,42.56319583292738],[-0.9173583984375,42.601619944327965],[-0.89263916015625,42.65820178455667],[-0.889892578125,42.68647341541784],[-0.8953857421875,42.714732185394574],[-0.9063720703125,42.738943751243774],[-0.88165283203125,42.75911283724356],[-0.85418701171875,42.779275360241904],[-0.8514404296875,42.81555136172695],[-0.8514404296875,42.851806095847046],[-0.7965087890625,42.906148316266716],[-0.780029296875,42.93430692117159],[-0.736083984375,42.90816007196053],[-0.7086181640625,42.88401467044253]]]}},{"type":"Feature","id":"c8856d88-60b7-466c-8c35-1bde2cff726f","properties":{"feature_id":"c8856d88-60b7-466c-8c35-1bde2cff726f","fid":14595500,"country_code":"ES","level":3,"level_name":"giallo","color":"#ffd54f","type_ids":[3,10],"source":"MeteoAlarm","preset":"now"},"geometry":{"type":"Polygon","coordinates":[[[3.27392578125,39.66702799810168],[3.30413818359375,39.643767573418494],[3.34259033203125,39.65011210186372],[3.38104248046875,39.66702799810168],[3.40850830078125,39.65645604812829],[3.43048095703125,39.62896140981414],[3.40850830078125,39.60145584097],[3.38653564453125,39.57182223734373],[3.350830078125,39.54005788576376],[3.3123779296875,39.510398035781925],[3.28765869140625,39.468004849193164],[3.27667236328125,39.42558581951441],[3.2574462890625,39.39375459224347],[3.2354736328125,39.36615577588526],[3.2080078125,39.34916646551959],[3.17779541015625,39.338546048479785],[3.1365966796875,39.3194252312395],[3.1036376953125,39.29179704377487],[3.06793212890625,39.272663448589135],[3.02947998046875,39.279041894366785],[3.0596923828125,39.29817374735304],[3.076171875,39.32579941789298],[3.0926513671875,39.385263810997756],[3.09539794921875,39.42346418978382],[3.076171875,39.45316112807392],[3.06243896484375,39.48072551903439],[3.08441162109375,39.510398035781925],[3.10638427734375,39.533703270087045],[3.1475830078125,39.542175961711955],[3.1640625,39.62896140981414],[3.218994140625,39.662799412187866],[3.24371337890625,39.68182601089364],[3.27392578125,39.66702799810168]]]}},{"type":"Feature","id":"d58b0ef1-12a8-41dc-bc96-14a6b6304f2b","properties":{"feature_id":"d58b0ef1-12a8-41dc-bc96-14a6b6304f2b","fid":1374369700,"country_code":"ES","level":3,"level_name":"giallo","color":"#ffd54f","type_ids":[3,10],"source":"MeteoAlarm","preset":"now"},"geometry":{"type":"Polygon","coordinates":[[[2.74658203125,39.65434146406167],[2.7740478515625,39.64165260123416],[2.79876708984375,39.616267889997026],[2.88116455078125,39.52946653645165],[2.91961669921875,39.52099229357196],[2.9608154296875,39.51887357127223],[2.977294921875,39.46376410904089],[3.02398681640625,39.47012512235817],[3.06243896484375,39.48072551903439],[3.076171875,39.45316112807392],[3.09539794921875,39.42346418978382],[3.0926513671875,39.385263810997756],[3.076171875,39.32579941789298],[3.0596923828125,39.29817374735304],[3.02947998046875,39.279041894366785],[3.0157470703125,39.30242456041488],[2.9608154296875,39.3576616371712],[2.92510986328125,39.36190883564925],[2.80975341796875,39.36190883564925],[2.78228759765625,39.36827914916013],[2.73834228515625,39.412855072329506],[2.724609375,39.50404070558415],[2.70263671875,39.54005788576376],[2.65869140625,39.55700068337127],[2.6202392578125,39.56123573632482],[2.49114990234375,39.48496522541802],[2.46917724609375,39.49980216233288],[2.4554443359375,39.52946653645165],[2.42523193359375,39.53793974517626],[2.3895263671875,39.544293973019904],[2.35382080078125,39.58029027440865],[2.373046875,39.6035720419788],[2.41973876953125,39.63107677008366],[2.43621826171875,39.65222681530652],[2.46368408203125,39.622614940942974],[2.493896484375,39.60145584097],[2.5323486328125,39.597223244955636],[2.5653076171875,39.6078042499951],[2.59002685546875,39.637422462817014],[2.61199951171875,39.65434146406167],[2.713623046875,39.65857056750545],[2.74658203125,39.65434146406167]]]}},{"type":"Feature","id":"e2754710-60ac-4b23-a52e-aebb963a5946","properties":{"feature_id":"e2754710-60ac-4b23-a52e-aebb963a5946","fid":418669400,"country_code":"ES","level":3,"level_name":"giallo","color":"#ffd54f","type_ids":[7],"source":"MeteoAlarm","preset":"now"},"geometry":{"type":"Polygon","coordinates":[[[-3.54583740234375,43.709578908238],[-3.50189208984375,43.699651229671446],[-3.3233642578125,43.6460133562395],[-3.28765869140625,43.63209941555776],[-3.251953125,43.61221676817572],[-3.20526123046875,43.59829500262717],[-3.1365966796875,43.58437001520479],[-3.14483642578125,43.52664646047306],[-3.1475830078125,43.411033484126044],[-3.13934326171875,43.35514118114017],[-3.17779541015625,43.367122441110695],[-3.22723388671875,43.39307372067443],[-3.31787109375,43.41302868475145],[-3.36456298828125,43.41502381964653],[-3.41400146484375,43.41302868475145],[-3.43048095703125,43.438960311329645],[-3.4442138671875,43.466874254747935],[-3.56781005859375,43.50274467820439],[-3.60626220703125,43.508721011296856],[-3.73809814453125,43.460893780082586],[-3.7738037109375,43.45491271379027],[-3.7957763671875,43.47684039777892],[-3.8232421875,43.49079023700749],[-4.02923583984375,43.438960311329645],[-4.2572021484375,43.39107786275972],[-4.28741455078125,43.38708594974802],[-4.47967529296875,43.395069512861355],[-4.51812744140625,43.389081939117496],[-4.51263427734375,43.4429488063514],[-4.515380859375,43.544566584363565],[-4.50164794921875,43.59431676355148],[-4.3450927734375,43.59033826146748],[-4.306640625,43.59033826146748],[-4.10064697265625,43.63209941555776],[-3.922119140625,43.67780454967293],[-3.88916015625,43.68574971761675],[-3.856201171875,43.691707903073805],[-3.82598876953125,43.69369383336775],[-3.7847900390625,43.69369383336775],[-3.746337890625,43.6877358451981],[-3.7078857421875,43.69567969789881],[-3.66119384765625,43.705608034103555],[-3.61724853515625,43.71156424665851],[-3.58154296875,43.71156424665851],[-3.54583740234375,43.709578908238]]]}},{"type":"Feature","id":"ee84da87-0b5f-4101-8063-b48c9e949ea7","properties":{"feature_id":"ee84da87-0b5f-4101-8063-b48c9e949ea7","fid":588710500,"country_code":"ES","level":3,"level_name":"giallo","color":"#ffd54f","type_ids":[3,10],"source":"MeteoAlarm","preset":"now"},"geometry":{"type":"Polygon","coordinates":[[[4.18304443359375,40.044437584608566],[4.251708984375,39.9981639445858],[4.2681884765625,39.97291055131898],[4.295654296875,39.91816284660945],[4.306640625,39.88023492849343],[4.29290771484375,39.85072092501596],[4.27642822265625,39.82330369732938],[4.24072265625,39.816975090490004],[4.2132568359375,39.82541310342478],[4.17755126953125,39.840177132754896],[4.02923583984375,39.91605629078665],[3.9825439453125,39.92237576385939],[3.8836669921875,39.92448212528483],[3.834228515625,39.93080082075276],[3.82598876953125,39.97712009843963],[3.80126953125,40.01078714046552],[3.83148193359375,40.03602652981171],[3.86993408203125,40.05284760182397],[3.90838623046875,40.057052221322],[4.15557861328125,40.057052221322],[4.18304443359375,40.044437584608566]]]}},{"type":"Feature","id":"0033afe2-87b3-4476-afeb-fe60c2e29e0b","properties":{"feature_id":"0033afe2-87b3-4476-afeb-fe60c2e29e0b","fid":529083000,"country_code":"FR","level":3,"level_name":"giallo","color":"#ffd54f","type_ids":[3],"source":"MeteoAlarm","preset":"now"},"geometry":{"type":"MultiPolygon","coordinates":[[[[4.1693115234375,47.12247581664114],[4.1802978515625,47.11499982620772],[4.1748046875,47.113130664470184],[4.1583251953125,47.12060691750966],[4.15283203125,47.11499982620772],[4.1473388671875,47.113130664470184],[4.13360595703125,47.1243446501219],[4.12811279296875,47.12995075666306],[4.11712646484375,47.1243446501219],[4.10888671875,47.12995075666306],[4.11712646484375,47.135556272359196],[4.1143798828125,47.14489748555397],[4.14459228515625,47.143029374210066],[4.1802978515625,47.15236927446392],[4.1912841796875,47.14489748555397],[4.1693115234375,47.12247581664114]]],[[[4.83123779296875,47.91081934432406],[4.85595703125,47.896089273755074],[4.888916015625,47.92186414658379],[4.9932861328125,47.82053186746052],[4.921875,47.77994347064128],[4.96856689453125,47.68573021131588],[5.25421142578125,47.576525713746214],[5.42449951171875,47.63023101663225],[5.482177734375,47.52647465773269],[5.3668212890625,47.46523622438362],[5.38055419921875,47.45037978769005],[5.43548583984375,47.45037978769005],[5.49591064453125,47.38905261221537],[5.4876708984375,47.31648293428332],[5.45745849609375,47.18597932702905],[5.39154052734375,47.08695550650906],[5.2789306640625,47.03643850299412],[5.30914306640625,47.01771635397922],[5.25421142578125,46.98025235521882],[5.10040283203125,46.9465122958623],[5.0482177734375,46.98212617904094],[4.68841552734375,46.901492447340814],[4.41650390625,47.07760411715963],[4.3560791015625,47.0626384799543],[4.21051025390625,47.15610477504402],[4.10888671875,47.34068391504695],[4.075927734375,47.415078926201],[4.25994873046875,47.731934479491755],[4.33135986328125,47.755944512091666],[4.32861328125,47.840814175074456],[4.27093505859375,47.840814175074456],[4.25445556640625,47.88135501149263],[4.30938720703125,47.96050238891508],[4.449462890625,47.956823800497475],[4.713134765625,48.01381248943335],[4.801025390625,47.9935978986739],[4.83123779296875,47.91081934432406]]]]}},{"type":"Feature","id":"061a2980-03bd-4732-a455-331c17863924","properties":{"feature_id":"061a2980-03bd-4732-a455-331c17863924","fid":301360800,"country_code":"FR","level":3,"level_name":"giallo","color":"#ffd54f","type_ids":[3],"source":"MeteoAlarm","preset":"now"},"geometry":{"type":"MultiPolygon","coordinates":[[[[0.94482421875,48.09826041173268],[0.65643310546875,48.26308411537843],[0.39276123046875,48.323386716330916],[0.362548828125,48.45288728338135],[0.26641845703125,48.48202501720534],[0.06317138671875,48.383618108866244],[-0.0494384765625,48.37449671682332],[-0.06317138671875,48.4565304150191],[-0.14556884765625,48.4565304150191],[-0.17179916694731512,48.5],[0.854278423595587,48.5],[0.94482421875,48.09826041173268]]],[[[-0.35430908203125,48.48384557010989],[-0.75531005859375,48.43648995594415],[-0.8564204693725992,48.5],[-0.30180359240381194,48.5],[-0.35430908203125,48.48384557010989]]]]}},{"type":"Feature","id":"0a95620c-2de5-4632-8965-f5b3e2b9ae3b","properties":{"feature_id":"0a95620c-2de5-4632-8965-f5b3e2b9ae3b","fid":1648538800,"country_code":"FR","level":3,"level_name":"giallo","color":"#ffd54f","type_ids":[3],"source":"MeteoAlarm","preset":"now"},"geometry":{"type":"Polygon","coordinates":[[[4.62799072265625,48.467458241483314],[4.574548365479933,48.5],[4.649399215393812,48.5],[4.62799072265625,48.467458241483314]]]}},{"type":"Feature","id":"0e54a0cd-20d6-4ba9-8ada-a34f7fec04f1","properties":{"feature_id":"0e54a0cd-20d6-4ba9-8ada-a34f7fec04f1","fid":1241510900,"country_code":"FR","level":3,"level_name":"giallo","color":"#ffd54f","type_ids":[3,13],"source":"MeteoAlarm","preset":"now"},"geometry":{"type":"Polygon","coordinates":[[[1.4447021484375,46.305201055811956],[1.3787841796875,46.219752144776876],[1.4556884765625,46.1817321004399],[1.56829833984375,45.99314540468519],[1.51885986328125,45.94160076422081],[1.55731201171875,45.92249798457993],[1.6259765625,45.9320501968563],[1.6424560546875,45.89191985128208],[1.59027099609375,45.88236073018403],[1.60675048828125,45.85558643964396],[1.658935546875,45.842194457952886],[1.76605224609375,45.86897519703921],[1.88690185546875,45.790509467524714],[1.8731689453125,45.72727377526009],[1.90887451171875,45.688914234195416],[1.88140869140625,45.66780526567162],[1.8017578125,45.67548217560646],[1.58477783203125,45.556371735883125],[1.5216064453125,45.56406391514301],[1.351318359375,45.46783598133374],[1.285400390625,45.490945692627314],[1.263427734375,45.444716791595546],[1.11785888671875,45.47746617959317],[1.16729736328125,45.52559248776562],[1.1151123046875,45.54483149242463],[1.0821533203125,45.53328887946744],[1.0272216796875,45.602509015102996],[0.83770751953125,45.581367468100964],[0.74981689453125,45.61595858036835],[0.7745361328125,45.66780526567162],[0.63995361328125,45.698506587388465],[0.77728271484375,45.80582853992835],[0.81298828125,45.9320501968563],[0.911865234375,45.93778073466329],[0.9228515625,46.0103162930962],[0.8184814453125,46.04845474385488],[0.7965087890625,46.1322667089571],[0.802001953125,46.217851767403],[0.83770751953125,46.229253045075275],[0.8953857421875,46.27293600864149],[1.0052490234375,46.28052949433555],[1.03546142578125,46.346927610556754],[1.17828369140625,46.38483322349277],[1.3568115234375,46.39998810407942],[1.4447021484375,46.305201055811956]]]}},{"type":"Feature","id":"13207d21-5481-43f5-9ca8-6cf96bd28771","properties":{"feature_id":"13207d21-5481-43f5-9ca8-6cf96bd28771","fid":446163300,"country_code":"FR","level":3,"level_name":"giallo","color":"#ffd54f","type_ids":[3],"source":"MeteoAlarm","preset":"now"},"geometry":{"type":"Polygon","coordinates":[[[5.5810546875,47.2531356322442],[5.69915771484375,47.264320080254784],[5.8282470703125,47.14116119721896],[5.73760986328125,47.055154085503474],[5.7623291015625,47.01209842876063],[5.8172607421875,47.038310356732765],[5.96832275390625,46.98025235521882],[6.05072021484375,46.84704298339388],[6.2017822265625,46.77561177977629],[6.07269287109375,46.68524727431956],[6.1029052734375,46.64943616335025],[6.05072021484375,46.60605412713271],[6.13037109375,46.55319428348575],[6.05621337890625,46.415138776492014],[5.86944580078125,46.26534147068603],[5.71563720703125,46.28052949433555],[5.7073974609375,46.30899569419858],[5.60577392578125,46.31468715855949],[5.47119140625,46.26724020382508],[5.372314453125,46.38483322349277],[5.29541015625,46.447319983416875],[5.41351318359375,46.471916320870406],[5.416259765625,46.50217348354073],[5.35858154296875,46.52296552030729],[5.361328125,46.57774276255591],[5.44097900390625,46.63812246237965],[5.328369140625,46.81321897604193],[5.46295166015625,46.828254496083],[5.44647216796875,46.86019101567026],[5.3338623046875,46.886477423510236],[5.26519775390625,46.92775862343443],[5.25421142578125,46.98025235521882],[5.30914306640625,47.01771635397922],[5.2789306640625,47.03643850299412],[5.39154052734375,47.08695550650906],[5.45745849609375,47.18597932702905],[5.4876708984375,47.31648293428332],[5.5810546875,47.2531356322442]]]}},{"type":"Feature","id":"14a7c753-6da7-4650-84f2-76dee83f0de3","properties":{"feature_id":"14a7c753-6da7-4650-84f2-76dee83f0de3","fid":832917500,"country_code":"FR","level":3,"level_name":"giallo","color":"#ffd54f","type_ids":[3,13],"source":"MeteoAlarm","preset":"now"},"geometry":{"type":"Polygon","coordinates":[[[-1.02996826171875,44.42201131423663],[-0.6427001953125,44.400429518584644],[-0.3900146484375,44.28650289955314],[-0.3900146484375,44.20977258698448],[-0.2252197265625,44.21370990970205],[-0.2252197265625,44.264871151101985],[-0.18951416015625,44.26880478856617],[-0.14007568359375,44.22355206487972],[-0.12908935546875,44.203866109361414],[-0.12908935546875,44.156592967556605],[0.13458251953125,44.12505648268516],[0.1373291015625,44.10928192335564],[0.0604248046875,44.02442151965934],[0.05767822265625,43.95130472827631],[0.0714111328125,43.90976594390799],[0.032958984375,43.89987148115716],[-0.0164794921875,43.9255936635507],[0.0,43.96119063892025],[-0.03570556640625,43.982933852960784],[-0.23895263671875,43.89789239125797],[-0.19775390625,43.87215823641542],[-0.1922607421875,43.81074731344699],[-0.2197265625,43.7968715826214],[-0.19500732421875,43.745304937635055],[-0.24993896484375,43.707593504052944],[-0.252685546875,43.59630591596549],[-0.9832763671875,43.53859380144237],[-0.99151611328125,43.50473685497695],[-1.19476318359375,43.54655738051152],[-1.29364013671875,43.498760127435226],[-1.527099609375,43.52266348752663],[-1.439208984375,43.65197548731186],[-1.40625,43.780048359976014],[-1.40625,43.781009658142914],[-1.32659912109375,44.08955780224772],[-1.25518798828125,44.467111152020316],[-1.08489990234375,44.53175879707938],[-1.0107421875,44.51021754644923],[-1.02996826171875,44.42201131423663]]]}},{"type":"Feature","id":"1caeaf14-ded6-44d0-a230-409bc9b010e1","properties":{"feature_id":"1caeaf14-ded6-44d0-a230-409bc9b010e1","fid":934127100,"country_code":"FR","level":3,"level_name":"giallo","color":"#ffd54f","type_ids":[3],"source":"MeteoAlarm","preset":"now"},"geometry":{"type":"MultiPolygon","coordinates":[[[[-0.62896728515625,46.143685745981585],[-0.03021240234375,46.02176059146292],[-0.15655517578125,45.77901739936284],[-0.40374755859375,45.76943886620391],[-0.38726806640625,45.62748421233826],[-0.24444580078125,45.502496993897125],[-0.22796630859375,45.32125436117148],[0.00823974609375,45.203328266630514],[-0.05767822265625,45.09873027414909],[-0.10986328125,45.11617660357485],[-0.15655517578125,45.09097463835657],[-0.38726806640625,45.151053265563384],[-0.4229736328125,45.27681919090836],[-0.57403564453125,45.309665934834115],[-0.71136474609375,45.32897866218557],[-0.74981689453125,45.419660306409874],[-0.823974609375,45.490945692627314],[-0.98876953125,45.57367765830109],[-1.01348876953125,45.61595858036835],[-1.23321533203125,45.68507683223298],[-1.24420166015625,45.773270476889365],[-1.131591796875,45.80774312785379],[-1.153564453125,45.853673496809286],[-1.07391357421875,45.911033158539624],[-1.065673828125,46.04845474385488],[-1.1590576171875,46.151297121751725],[-1.2249755859375,46.166516715951616],[-1.11236572265625,46.26534147068603],[-1.12060546875,46.324171617256916],[-0.9503173828125,46.36019756701458],[-0.9393310546875,46.316584181822186],[-0.8294677734375,46.34123949998619],[-0.62896728515625,46.143685745981585]]],[[[-1.18927001953125,45.886184576022565],[-1.20849609375,45.84984741373356],[-1.2030029296875,45.838367585245855],[-1.2469482421875,45.8211434007947],[-1.28814697265625,45.89383147810291],[-1.38702392578125,45.958787640356405],[-1.41448974609375,46.046548446306204],[-1.40625,46.04213459756627],[-1.40625,46.042735653846506],[-1.318359375,45.9950535443403],[-1.23870849609375,45.983603719530215],[-1.23321533203125,45.92822950933617],[-1.18927001953125,45.886184576022565]]],[[[-1.505126953125,46.193140876238],[-1.56280517578125,46.2444510654851],[-1.4996337890625,46.25774588045684],[-1.49688720703125,46.20834889395228],[-1.45843505859375,46.229253045075275],[-1.41448974609375,46.23115302782204],[-1.4227294921875,46.204547284163944],[-1.40625,46.20563345838918],[-1.40625,46.20644812194459],[-1.36505126953125,46.20834889395228],[-1.27166748046875,46.15890744507129],[-1.32110595703125,46.145588688591964],[-1.4501953125,46.19884437618253],[-1.505126953125,46.193140876238]]]]}},{"type":"Feature","id":"263d1927-67d9-4006-920b-7713c0e88ac0","properties":{"feature_id":"263d1927-67d9-4006-920b-7713c0e88ac0","fid":1622658200,"country_code":"FR","level":3,"level_name":"giallo","color":"#ffd54f","type_ids":[3],"source":"MeteoAlarm","preset":"now"},"geometry":{"type":"Polygon","coordinates":[[[-0.823974609375,47.77071441244972],[-0.6097412109375,47.73562905149295],[-0.59326171875,47.75225138174103],[-0.51910400390625,47.76332998647306],[-0.5108642578125,47.785480119293624],[-0.39276123046875,47.76886840424206],[-0.36529541015625,47.71530566159559],[-0.2032470703125,47.72454454909967],[-0.1922607421875,47.646886969412996],[0.2471923828125,47.61171817478493],[0.0604248046875,47.15610477504402],[0.01922607421875,47.17664533468976],[-0.03570556640625,47.088825587407555],[-0.087890625,47.09817500706038],[-0.1043701171875,47.06450941441437],[-0.17852783203125,47.07012182383309],[-0.14007568359375,47.10378387099161],[-0.560302734375,47.0607674798335],[-0.59600830078125,46.997114405385986],[-0.88714599609375,46.97650451055199],[-1.13983154296875,47.03269459852137],[-1.1151123046875,47.0626384799543],[-1.17279052734375,47.09256555223568],[-1.2469482421875,47.1000446940252],[-1.2359619140625,47.137424646293844],[-1.16180419921875,47.1822459270149],[-1.20574951171875,47.2531356322442],[-1.23870849609375,47.24194882163242],[-1.29638671875,47.305309510775864],[-1.3458251953125,47.310896517807215],[-1.16455078125,47.36487380743409],[-0.94757080078125,47.387193097780425],[-0.977783203125,47.491224888201955],[-1.1590576171875,47.51163553497823],[-1.17279052734375,47.572819867338694],[-1.043701171875,47.5654073877285],[-1.0107421875,47.5913464767971],[-1.15631103515625,47.63948497925489],[-1.197509765625,47.72084919070232],[-1.25518798828125,47.73378179825825],[-1.24420166015625,47.77994347064128],[-0.9503173828125,47.76702233051035],[-0.95855712890625,47.79655164755934],[-0.84869384765625,47.754097979680026],[-0.823974609375,47.77071441244972]]]}},{"type":"Feature","id":"2f8984c6-7944-4818-bc44-ed8b601f3220","properties":{"feature_id":"2f8984c6-7944-4818-bc44-ed8b601f3220","fid":93659900,"country_code":"FR","level":3,"level_name":"giallo","color":"#ffd54f","type_ids":[3,13],"source":"MeteoAlarm","preset":"now"},"geometry":{"type":"MultiPolygon","coordinates":[[[[4.976806640625,44.28257044667386],[5.15533447265625,44.2845367060189],[5.174560546875,44.221583765457964],[5.35308837890625,44.21370990970205],[5.38604736328125,44.15462243076732],[5.50689697265625,44.11716972942085],[5.56732177734375,43.82660134505382],[5.65521240234375,43.8186748554532],[5.745849609375,43.71950494269108],[5.59478759765625,43.659924074789096],[5.3118896484375,43.73736766145916],[5.1910400390625,43.73538317799621],[5.04547119140625,43.79092385423619],[5.01251220703125,43.83650797709094],[4.75433349609375,43.92163712834674],[4.844970703125,43.99676629896823],[4.757080078125,44.087585028245165],[4.7186279296875,44.08561218844469],[4.71588134765625,44.19008202504052],[4.6527099609375,44.29043508918884],[4.82574462890625,44.229456568301686],[4.976806640625,44.28257044667386]]],[[[5.0152587890625,44.394542192155875],[5.04547119140625,44.3827657622524],[5.06195068359375,44.384728665110295],[5.0701904296875,44.376876658782884],[5.0482177734375,44.363133113807706],[5.0152587890625,44.33367180085157],[4.9822998046875,44.296332880058706],[4.888916015625,44.304195679857614],[4.8944091796875,44.33760083149563],[4.86968994140625,44.345458103018316],[4.9163818359375,44.40435407378618],[4.97406005859375,44.43181858864191],[5.0152587890625,44.416126159777754],[5.0152587890625,44.394542192155875]]]]}},{"type":"Feature","id":"2fe0197b-e770-4018-8244-9294a83df2ca","properties":{"feature_id":"2fe0197b-e770-4018-8244-9294a83df2ca","fid":860086200,"country_code":"FR","level":3,"level_name":"giallo","color":"#ffd54f","type_ids":[3],"source":"MeteoAlarm","preset":"now"},"geometry":{"type":"Polygon","coordinates":[[[2.72186279296875,45.38494834654319],[2.91412353515625,45.36565470886626],[3.021240234375,45.294211013377726],[3.0706787109375,45.33670190996811],[3.13385009765625,45.35214524585179],[3.09539794921875,45.30000710263141],[3.22723388671875,45.27102073184515],[3.35357666015625,44.97257068224064],[3.17779541015625,44.86949623772186],[3.12835693359375,44.90452338960932],[2.99652099609375,44.6706061651103],[2.8399658203125,44.87144275016588],[2.7520751953125,44.93369638969468],[2.48565673828125,44.6510702745346],[2.21923828125,44.623708968901205],[2.13409423828125,44.7096581981238],[2.16705322265625,44.81107025326001],[2.06817626953125,44.97839955494439],[2.19451904296875,45.2110686297804],[2.35931396484375,45.33670190996811],[2.35382080078125,45.41387646082107],[2.48016357421875,45.369513963007414],[2.52410888671875,45.381090145612646],[2.493896484375,45.41387646082107],[2.52410888671875,45.481317798141234],[2.72186279296875,45.38494834654319]]]}},{"type":"Feature","id":"3d949a59-75c8-451c-8a3b-cae8ef7fc1f9","properties":{"feature_id":"3d949a59-75c8-451c-8a3b-cae8ef7fc1f9","fid":94662400,"country_code":"FR","level":3,"level_name":"giallo","color":"#ffd54f","type_ids":[3],"source":"MeteoAlarm","preset":"now"},"geometry":{"type":"Polygon","coordinates":[[[4.51263427734375,46.28432584258846],[4.59503173828125,46.29571330898939],[4.647216796875,46.25584681848032],[4.70489501953125,46.27103747280261],[4.779052734375,46.17792864897331],[4.801025390625,46.143685745981585],[4.7296142578125,45.951149686691394],[4.91912841796875,45.82305746228245],[5.0921630859375,45.790509467524714],[5.15533447265625,45.70234306798272],[4.998779296875,45.604430579018995],[4.779052734375,45.58328975600631],[4.866943359375,45.53713668039858],[4.757080078125,45.45627757127798],[4.66644287109375,45.47746617959317],[4.64996337890625,45.52751668442123],[4.68017578125,45.565986795411376],[4.64996337890625,45.56406391514301],[4.6417236328125,45.54290788814744],[4.3670654296875,45.67164385226548],[4.4000244140625,45.74452698046843],[4.34783935546875,45.76943886620391],[4.383544921875,45.863237552964364],[4.3231201171875,45.903388625220714],[4.3450927734375,45.9320501968563],[4.24346923828125,45.99696161820381],[4.3011474609375,45.98932892799954],[4.306640625,46.02176059146292],[4.25445556640625,46.052267141590704],[4.3231201171875,46.13036330589104],[4.4110107421875,46.13607331774969],[4.43023681640625,46.17412493440401],[4.38629150390625,46.22545288226938],[4.38079833984375,46.246350522072895],[4.43572998046875,46.30330363797423],[4.51263427734375,46.28432584258846]]]}},{"type":"Feature","id":"401a3a18-c9dd-45ec-a10a-3ed56b78d7ec","properties":{"feature_id":"401a3a18-c9dd-45ec-a10a-3ed56b78d7ec","fid":292930100,"country_code":"FR","level":3,"level_name":"giallo","color":"#ffd54f","type_ids":[3,13],"source":"MeteoAlarm","preset":"now"},"geometry":{"type":"Polygon","coordinates":[[[6.756591796875,44.90452338960932],[7.0147705078125,44.77988550277274],[6.90765380859375,44.65693173288728],[6.624755859375,44.447506805130736],[6.4434814453125,44.467111152020316],[6.3665771484375,44.51609322284931],[6.24298095703125,44.384728665110295],[6.13311767578125,44.467111152020316],[5.9051513671875,44.33760083149563],[5.91339111328125,44.197959039485305],[5.69091796875,44.18614312298759],[5.6304931640625,44.33170718680922],[5.438232421875,44.3670601700202],[5.46844482421875,44.500423436016305],[5.60302734375,44.46515101351963],[5.6634521484375,44.50238238974582],[5.60302734375,44.55916341529183],[5.65521240234375,44.65497797926291],[5.80078125,44.6706061651103],[6.3555908203125,44.855868807357254],[6.31439208984375,45.00365115687186],[6.21002197265625,45.03471477868861],[6.3226318359375,45.11423838585087],[6.4874267578125,45.05606124274415],[6.4984130859375,45.100669018519866],[6.63848876953125,45.11423838585087],[6.756591796875,44.90452338960932]]]}},{"type":"Feature","id":"45cf1780-13a5-4ee1-8537-1df804adf7c6","properties":{"feature_id":"45cf1780-13a5-4ee1-8537-1df804adf7c6","fid":1578324100,"country_code":"FR","level":3,"level_name":"giallo","color":"#ffd54f","type_ids":[3],"source":"MeteoAlarm","preset":"now"},"geometry":{"type":"Polygon","coordinates":[[[3.3453369140625,47.468949677672484],[3.4881591796875,47.49308072945064],[3.49365234375,47.54316365431732],[3.57330322265625,47.49864785970501],[3.59527587890625,47.457808530750306],[3.812255859375,47.381614160856806],[3.8507080078125,47.435519153195294],[3.8946533203125,47.40950294131107],[3.86444091796875,47.3834738721015],[3.87542724609375,47.36487380743409],[3.96881103515625,47.37975438400816],[4.00726318359375,47.31275872224938],[4.05120849609375,47.34068391504695],[4.10888671875,47.34068391504695],[4.21051025390625,47.15610477504402],[4.1912841796875,47.14489748555397],[4.1802978515625,47.15236927446392],[4.14459228515625,47.143029374210066],[4.1143798828125,47.14489748555397],[4.11712646484375,47.135556272359196],[4.10888671875,47.12995075666306],[4.11712646484375,47.1243446501219],[4.11163330078125,47.11873795272714],[4.0924072265625,47.12621341795226],[4.08966064453125,47.116868922293264],[4.0594482421875,47.11873795272714],[4.04022216796875,47.07760411715963],[4.07318115234375,47.0570252826084],[4.031982421875,46.98587362966406],[4.10064697265625,46.8620690432229],[4.05670166015625,46.78125453463861],[3.79852294921875,46.70220215164344],[3.6199951171875,46.754916619281886],[3.45794677734375,46.65132155014944],[3.4332275390625,46.71161922789268],[3.2684326171875,46.71726868507396],[3.1915283203125,46.68147880091785],[3.0487060546875,46.81697825024371],[3.076171875,47.021461309117285],[2.98004150390625,47.24567802101874],[2.8729248046875,47.329515609509556],[2.93060302734375,47.42994533297611],[2.88116455078125,47.51720069783939],[2.977294921875,47.56911375866714],[3.1146240234375,47.5820839916191],[3.3453369140625,47.468949677672484]]]}},{"type":"Feature","id":"4638a331-aca2-4b08-882d-c7d53d785139","properties":{"feature_id":"4638a331-aca2-4b08-882d-c7d53d785139","fid":413455400,"country_code":"FR","level":3,"level_name":"giallo","color":"#ffd54f","type_ids":[3],"source":"MeteoAlarm","preset":"now"},"geometry":{"type":"Polygon","coordinates":[[[3.4771728515625,44.80912170007737],[3.58978271484375,44.838343085666516],[3.603515625,44.87922814163525],[3.67218017578125,44.855868807357254],[3.66119384765625,44.83249999349061],[3.8671875,44.750634493861064],[3.988037109375,44.451428201063976],[3.8946533203125,44.3788397590886],[3.966064453125,44.26683800273896],[3.9495849609375,44.17235489295946],[3.8397216796875,44.134913443750726],[3.66668701171875,44.17629471627438],[3.63372802734375,44.121113237653674],[3.46343994140625,44.12702800650005],[3.3673095703125,44.18614312298759],[3.2958984375,44.20780382691622],[3.2135009765625,44.197959039485305],[3.12286376953125,44.26683800273896],[3.1365966796875,44.423972900753874],[3.07342529296875,44.57481740467029],[2.99652099609375,44.6706061651103],[3.12835693359375,44.90452338960932],[3.17779541015625,44.86949623772186],[3.35357666015625,44.97257068224064],[3.4771728515625,44.80912170007737]]]}},{"type":"Feature","id":"52fba4e2-32b2-4be9-af59-bcdb1c0874c8","properties":{"feature_id":"52fba4e2-32b2-4be9-af59-bcdb1c0874c8","fid":744757200,"country_code":"FR","level":3,"level_name":"giallo","color":"#ffd54f","type_ids":[3,13],"source":"MeteoAlarm","preset":"now"},"geometry":{"type":"MultiPolygon","coordinates":[[[[7.0587158203125,43.52067190243759],[7.064208984375,43.518680251605],[7.0697021484375,43.518680251605],[7.0697021484375,43.51668853502907],[7.06695556640625,43.51469675271006],[7.0587158203125,43.51469675271006],[7.05596923828125,43.51668853502907],[7.05047607421875,43.51469675271006],[7.04498291015625,43.51469675271006],[7.042236328125,43.51668853502907],[7.0367431640625,43.51668853502907],[7.03125,43.52067190243759],[7.03125,43.52266348752663],[7.05047607421875,43.52266348752663],[7.05322265625,43.52067190243759],[7.0587158203125,43.52067190243759]]],[[[7.07794189453125,44.23142460449416],[7.40203857421875,44.121113237653674],[7.62451171875,44.15462243076732],[7.71514892578125,44.06785366935761],[7.503662109375,43.87413818147473],[7.52288818359375,43.78497553389676],[6.9378662109375,43.484812128916026],[6.8829345703125,43.544566584363565],[6.8994140625,43.60625069174642],[6.7620849609375,43.671844983221604],[6.74835205078125,43.739352079154706],[6.67144775390625,43.75125720420174],[6.624755859375,43.7968715826214],[6.81976318359375,43.91570183215611],[6.88018798828125,43.89393401411192],[6.943359375,43.89987148115716],[6.690673828125,44.16447445668457],[6.8829345703125,44.35920579433502],[7.01751708984375,44.23142460449416],[7.07794189453125,44.23142460449416]]]]}},{"type":"Feature","id":"63eecdd6-d993-467d-81d5-587b8c770d2d","properties":{"feature_id":"63eecdd6-d993-467d-81d5-587b8c770d2d","fid":1383095400,"country_code":"FR","level":3,"level_name":"giallo","color":"#ffd54f","type_ids":[3],"source":"MeteoAlarm","preset":"now"},"geometry":{"type":"Polygon","coordinates":[[[0.6207275390625,44.697945352975765],[0.7965087890625,44.7018498980029],[0.8514404296875,44.6686528722732],[0.8184814453125,44.625663775743526],[0.85693359375,44.5982904898401],[0.9722900390625,44.63739123445586],[1.1041259765625,44.58068656459204],[1.00250244140625,44.52001001133986],[1.0601806640625,44.37098696297171],[0.89813232421875,44.38080279357847],[0.867919921875,44.31009208868227],[0.9503173828125,44.27667127377517],[0.88165283203125,44.13294218313966],[0.78826904296875,44.14476875978378],[0.73883056640625,44.06193297865354],[0.6591796875,44.02639639912231],[0.582275390625,44.07574700247846],[0.30487060546875,43.9928145004899],[0.22796630859375,44.02047156335411],[0.05767822265625,43.95130472827631],[0.0604248046875,44.02442151965934],[0.1373291015625,44.10928192335564],[0.13458251953125,44.12505648268516],[-0.12908935546875,44.156592967556605],[-0.12908935546875,44.203866109361414],[-0.14007568359375,44.22355206487972],[-0.03570556640625,44.27863773055189],[-0.08514404296875,44.33760083149563],[0.0164794921875,44.3788397590886],[-0.00823974609375,44.514134729871095],[0.18402099609375,44.66083904265619],[0.10162353515625,44.7018498980029],[0.31036376953125,44.75648588056624],[0.41748046875,44.64520822374404],[0.6207275390625,44.697945352975765]]]}},{"type":"Feature","id":"65454011-9ded-4470-8761-dea043a4fb9b","properties":{"feature_id":"65454011-9ded-4470-8761-dea043a4fb9b","fid":473129600,"country_code":"FR","level":3,"level_name":"giallo","color":"#ffd54f","type_ids":[3],"source":"MeteoAlarm","preset":"now"},"geometry":{"type":"Polygon","coordinates":[[[5.4656982421875,48.420087334489466],[5.40252685546875,48.39273786659242],[5.42724609375,48.33069128338717],[5.526123046875,48.34712273417819],[5.73211669921875,48.191725575618726],[5.68267822265625,48.1789071002632],[5.6414794921875,48.09826041173268],[5.79254150390625,47.99175981578036],[5.77880859375,47.97889140226657],[5.78704833984375,47.95314495015593],[5.80902099609375,47.94762618352867],[5.8392333984375,47.96601978044179],[5.8831787109375,47.929226038300406],[5.8062744140625,47.8481875943948],[5.74859619140625,47.851873911015915],[5.74310302734375,47.82053186746052],[5.6964111328125,47.82053186746052],[5.67718505859375,47.77994347064128],[5.701904296875,47.76886840424206],[5.69366455078125,47.68757916850813],[5.5975341796875,47.67093619422418],[5.4052734375,47.6727856757654],[5.42449951171875,47.63023101663225],[5.25421142578125,47.576525713746214],[4.96856689453125,47.68573021131588],[4.921875,47.77994347064128],[4.9932861328125,47.82053186746052],[4.888916015625,47.92186414658379],[4.85595703125,47.896089273755074],[4.83123779296875,47.91081934432406],[4.801025390625,47.9935978986739],[4.713134765625,48.01381248943335],[4.71038818359375,48.09459164290992],[4.833984375,48.10559716402151],[4.83123779296875,48.33434317459201],[4.62799072265625,48.467458241483314],[4.649399215393812,48.5],[5.302360164308026,48.5],[5.4656982421875,48.420087334489466]]]}},{"type":"Feature","id":"655ae2bb-1659-46ff-8973-ed2723c569ad","properties":{"feature_id":"655ae2bb-1659-46ff-8973-ed2723c569ad","fid":1224555600,"country_code":"FR","level":3,"level_name":"giallo","color":"#ffd54f","type_ids":[3],"source":"MeteoAlarm","preset":"now"},"geometry":{"type":"Polygon","coordinates":[[[1.82647705078125,47.22329888685773],[1.79351806640625,47.12060691750966],[1.878662109375,47.101914315335506],[1.99676513671875,47.12621341795226],[2.0489501953125,47.105653360993834],[2.15606689453125,46.910874702419164],[2.0489501953125,46.835770679359506],[2.08740234375,46.71726868507396],[2.1807861328125,46.64189395892873],[2.19451904296875,46.5059544455205],[2.1533203125,46.4435349453033],[2.076416015625,46.415138776492014],[1.80450439453125,46.447319983416875],[1.7578125,46.441642327624976],[1.73309326171875,46.39430551701067],[1.5545654296875,46.39619977845333],[1.527099609375,46.426499019253],[1.4447021484375,46.305201055811956],[1.3568115234375,46.39998810407942],[1.17828369140625,46.38483322349277],[1.2139892578125,46.432178253009404],[1.13983154296875,46.466241229180895],[1.14532470703125,46.5059544455205],[1.021728515625,46.543749602738565],[0.89813232421875,46.63435070293566],[1.0107421875,46.758679967095574],[1.0491943359375,46.98025235521882],[1.17279052734375,47.04018214480666],[1.241455078125,47.01771635397922],[1.36505126953125,47.12247581664114],[1.3458251953125,47.195311678374466],[1.71661376953125,47.277365616965646],[1.82647705078125,47.22329888685773]]]}},{"type":"Feature","id":"65f45c9d-5336-47d6-ab21-c22cf7409c68","properties":{"feature_id":"65f45c9d-5336-47d6-ab21-c22cf7409c68","fid":553981700,"country_code":"FR","level":3,"level_name":"giallo","color":"#ffd54f","type_ids":[3],"source":"MeteoAlarm","preset":"now"},"geometry":{"type":"Polygon","coordinates":[[[0.7965087890625,46.1322667089571],[0.8184814453125,46.04845474385488],[0.9228515625,46.0103162930962],[0.911865234375,45.935870621190524],[0.81298828125,45.9320501968563],[0.77728271484375,45.80582853992835],[0.63995361328125,45.698506587388465],[0.2581787109375,45.38880628417225],[0.26641845703125,45.29807513870795],[0.13458251953125,45.2110686297804],[0.00823974609375,45.203328266630514],[-0.22796630859375,45.32125436117148],[-0.24444580078125,45.502496993897125],[-0.38726806640625,45.62748421233826],[-0.40374755859375,45.76943886620391],[-0.15655517578125,45.77901739936284],[-0.03021240234375,46.02176059146292],[0.20599365234375,46.09609080214316],[0.48065185546875,46.0656084613869],[0.4449462890625,46.10370875598026],[0.49713134765625,46.13607331774969],[0.61798095703125,46.117037642576875],[0.7965087890625,46.1322667089571]]]}},{"type":"Feature","id":"679be619-e21d-4a77-b14e-40ed7311767a","properties":{"feature_id":"679be619-e21d-4a77-b14e-40ed7311767a","fid":1330551900,"country_code":"FR","level":3,"level_name":"giallo","color":"#ffd54f","type_ids":[3],"source":"MeteoAlarm","preset":"now"},"geometry":{"type":"Polygon","coordinates":[[[1.0601806640625,44.37098696297171],[1.3568115234375,44.203866109361414],[1.46942138671875,44.28257044667386],[1.55731201171875,44.23339257487901],[1.9830322265625,44.156592967556605],[1.79351806640625,44.09942068528651],[1.746826171875,44.115197876604284],[1.6534423828125,44.11125397357153],[1.702880859375,44.04614157509525],[1.54083251953125,43.91965876206764],[1.4501953125,43.87017822557581],[1.3568115234375,43.884036920060474],[1.307373046875,43.852355167935336],[1.35955810546875,43.82065657651685],[1.2249755859375,43.77307711737607],[1.153564453125,43.82065657651685],[0.89813232421875,43.79488907226601],[0.88714599609375,43.90976594390799],[0.7635498046875,43.93152797296857],[0.76080322265625,43.941417172952114],[0.86517333984375,44.03824429423548],[0.82672119140625,44.05601169578526],[0.76629638671875,44.03034596066821],[0.73883056640625,44.06193297865354],[0.78826904296875,44.14476875978378],[0.88165283203125,44.13294218313966],[0.9503173828125,44.27667127377517],[0.867919921875,44.31009208868227],[0.89813232421875,44.38080279357847],[1.0601806640625,44.37098696297171]]]}},{"type":"Feature","id":"68ca42d7-1cd3-4893-8719-cf1bb16100cc","properties":{"feature_id":"68ca42d7-1cd3-4893-8719-cf1bb16100cc","fid":1579547100,"country_code":"FR","level":3,"level_name":"giallo","color":"#ffd54f","type_ids":[3,13],"source":"MeteoAlarm","preset":"now"},"geometry":{"type":"Polygon","coordinates":[[[4.80377197265625,45.29807513870795],[4.98779296875,45.344424104522396],[5.17730712890625,45.21687321093266],[5.1910400390625,45.156863968900446],[5.1416015625,45.0735206067097],[5.21575927734375,45.08127861241874],[5.3778076171875,45.04053733158767],[5.46295166015625,45.087096425474485],[5.482177734375,45.02112651782961],[5.46295166015625,44.793530904744074],[5.80352783203125,44.7096581981238],[5.80078125,44.6706061651103],[5.65521240234375,44.65497797926291],[5.60302734375,44.55916341529183],[5.6634521484375,44.50238238974582],[5.60302734375,44.46515101351963],[5.46844482421875,44.500423436016305],[5.438232421875,44.3670601700202],[5.6304931640625,44.33170718680922],[5.69091796875,44.18614312298759],[5.50689697265625,44.11716972942085],[5.38604736328125,44.15462243076732],[5.35308837890625,44.21370990970205],[5.174560546875,44.221583765457964],[5.15533447265625,44.2845367060189],[4.976806640625,44.28257044667386],[4.82574462890625,44.229456568301686],[4.6527099609375,44.29043508918884],[4.779052734375,44.6706061651103],[4.75982666015625,44.77208668197081],[4.88067626953125,44.92980751215391],[4.73785400390625,45.36372498305678],[4.80377197265625,45.29807513870795]],[[4.9163818359375,44.40435407378618],[4.86968994140625,44.345458103018316],[4.8944091796875,44.33760083149563],[4.888916015625,44.304195679857614],[4.9822998046875,44.296332880058706],[5.0152587890625,44.33367180085157],[5.0482177734375,44.363133113807706],[5.0701904296875,44.376876658782884],[5.06195068359375,44.384728665110295],[5.04547119140625,44.3827657622524],[5.0152587890625,44.394542192155875],[5.0152587890625,44.416126159777754],[4.97406005859375,44.43181858864191],[4.9163818359375,44.40435407378618]]]}},{"type":"Feature","id":"6ab1fdf3-344a-4271-90a8-850253104ab1","properties":{"feature_id":"6ab1fdf3-344a-4271-90a8-850253104ab1","fid":718407500,"country_code":"FR","level":3,"level_name":"giallo","color":"#ffd54f","type_ids":[3],"source":"MeteoAlarm","preset":"now"},"geometry":{"type":"Polygon","coordinates":[[[3.04595947265625,42.84777884235987],[3.043212890625,42.702622858843895],[3.043212890625,42.595554553719204],[3.05145263671875,42.54498667313235],[3.131103515625,42.5105770984241],[3.131103515625,42.48627657532139],[3.14483642578125,42.48019996901215],[3.175048828125,42.43967417814943],[3.08990478515625,42.42548395494744],[3.04046630859375,42.47412277251148],[2.94708251953125,42.482225570025925],[2.92510986328125,42.457914029880264],[2.83447265625,42.45183466943919],[2.77679443359375,42.411290519028185],[2.74932861328125,42.42548395494744],[2.6751708984375,42.40520663447067],[2.6531982421875,42.38492275784806],[2.6751708984375,42.35854391749706],[2.6751708984375,42.344335337861686],[2.603759765625,42.34839525979299],[2.56256103515625,42.35651431705788],[2.54058837890625,42.3341843859394],[2.48291015625,42.34027515373573],[2.4334716796875,42.393037095207596],[2.2576904296875,42.43764720010869],[2.15606689453125,42.42345651793831],[2.11761474609375,42.38289400961404],[2.0159912109375,42.34839525979299],[1.96929931640625,42.376807371572866],[1.95556640625,42.42548395494744],[1.9390869140625,42.44778143462244],[1.89239501953125,42.44778143462244],[1.84295654296875,42.47614857025451],[1.73309326171875,42.49437779897246],[1.79901123046875,42.571287087427564],[2.1588134765625,42.684454439710215],[2.3565673828125,42.744995166137286],[2.32635498046875,42.835695506414524],[2.7410888671875,42.83972354764083],[2.86468505859375,42.91821786558451],[3.04595947265625,42.84777884235987]]]}},{"type":"Feature","id":"76654182-613a-4154-a63d-9b661cfc4a6d","properties":{"feature_id":"76654182-613a-4154-a63d-9b661cfc4a6d","fid":1292051800,"country_code":"FR","level":3,"level_name":"giallo","color":"#ffd54f","type_ids":[3,13],"source":"MeteoAlarm","preset":"now"},"geometry":{"type":"Polygon","coordinates":[[[-0.0604248046875,43.411033484126044],[-0.0164794921875,43.4429488063514],[0.0274658203125,43.341160054123065],[0.010986328125,43.32517767999294],[-0.02471923828125,43.32717570677798],[-0.0439453125,43.303195047973034],[-0.0439453125,43.28520334369384],[-0.0164794921875,43.26920624914965],[-0.1922607421875,43.11501919561412],[-0.18951416015625,43.052833917627936],[-0.28839111328125,43.004647127794435],[-0.28564453125,42.93028505122964],[-0.32684326171875,42.916206438173525],[-0.32135009765625,42.83770955984962],[-0.50537109375,42.82763863624229],[-0.560302734375,42.779275360241904],[-0.74981689453125,42.96245265666877],[-0.93658447265625,42.9524020856897],[-1.307373046875,43.06888777416962],[-1.27166748046875,43.117024121350475],[-1.33209228515625,43.10699883578312],[-1.34307861328125,43.09496632541338],[-1.35406494140625,43.0287452513488],[-1.4447021484375,43.04881979669318],[-1.47216796875,43.08493742707592],[-1.41448974609375,43.12905229628564],[-1.40625,43.1459908131862],[-1.40625,43.14709012452761],[-1.38427734375,43.191160191587706],[-1.38153076171875,43.25320494908846],[-1.41448974609375,43.27320591705845],[-1.56005859375,43.289201960201254],[-1.5765380859375,43.249203966977845],[-1.614990234375,43.25520534158046],[-1.62872314453125,43.28120446433275],[-1.62322998046875,43.30119623257965],[-1.658935546875,43.31318813919641],[-1.73309326171875,43.30119623257965],[-1.73858642578125,43.331171563190445],[-1.7578125,43.34315755514772],[-1.7852783203125,43.3511469020312],[-1.78802490234375,43.37910133500263],[-1.7523193359375,43.38309377382829],[-1.73309326171875,43.381097587278575],[-1.68365478515625,43.395069512861355],[-1.66168212890625,43.39107786275972],[-1.66168212890625,43.401056495052906],[-1.63421630859375,43.40704288568523],[-1.6204833984375,43.42499850815809],[-1.60125732421875,43.428987923441554],[-1.56280517578125,43.48082639482503],[-1.527099609375,43.52266348752663],[-1.40625,43.51028998347931],[-1.40625,43.51071299084371],[-1.29364013671875,43.498760127435226],[-1.19476318359375,43.54655738051152],[-0.99151611328125,43.50473685497695],[-0.9832763671875,43.53859380144237],[-0.252685546875,43.59630591596549],[-0.098876953125,43.58437001520479],[-0.0604248046875,43.411033484126044]],[[-0.07965087890625,43.26320625445308],[-0.07965087890625,43.27320591705845],[-0.09613037109375,43.28520334369384],[-0.0933837890625,43.30119623257965],[-0.11260986328125,43.31118965238512],[-0.120849609375,43.30719248161191],[-0.1318359375,43.289201960201254],[-0.1373291015625,43.28520334369384],[-0.14007568359375,43.271206115959785],[-0.1373291015625,43.26320625445308],[-0.1263427734375,43.249203966977845],[-0.120849609375,43.24320200099952],[-0.1043701171875,43.24320200099952],[-0.098876953125,43.2512044908875],[-0.0933837890625,43.25320494908846],[-0.0933837890625,43.25520534158046],[-0.07965087890625,43.26320625445308]],[[-0.1043701171875,43.359135197357816],[-0.09063720703125,43.359135197357816],[-0.087890625,43.33316939281733],[-0.10986328125,43.337164854911094],[-0.1153564453125,43.331171563190445],[-0.1153564453125,43.323179587489065],[-0.11260986328125,43.315186560290485],[-0.1043701171875,43.31318813919641],[-0.07415771484375,43.30719248161191],[-0.06866455078125,43.31118965238512],[-0.0714111328125,43.317184915667056],[-0.06317138671875,43.34715236003301],[-0.06591796875,43.35514118114017],[-0.076904296875,43.36512572875843],[-0.0823974609375,43.367122441110695],[-0.08514404296875,43.369119087738554],[-0.0933837890625,43.37311218382001],[-0.10162353515625,43.37311218382001],[-0.10711669921875,43.37111566864175],[-0.10711669921875,43.36312895068202],[-0.1043701171875,43.359135197357816]]]}},{"type":"Feature","id":"7ac0495d-452b-4d7a-9ced-a103aaf1e8bd","properties":{"feature_id":"7ac0495d-452b-4d7a-9ced-a103aaf1e8bd","fid":835011800,"country_code":"FR","level":3,"level_name":"giallo","color":"#ffd54f","type_ids":[3],"source":"MeteoAlarm","preset":"now"},"geometry":{"type":"Polygon","coordinates":[[[-0.1043701171875,47.06450941441437],[-0.08514404296875,46.98587362966406],[-0.0384521484375,46.98962081759435],[0.0274658203125,46.84704298339388],[-0.01373291015625,46.756798326042514],[0.0384521484375,46.73233101286785],[-0.0164794921875,46.640008243515915],[0.0439453125,46.59095657312453],[-0.03021240234375,46.51918574163986],[0.0164794921875,46.32606831171259],[0.07415771484375,46.30709840788667],[0.12359619140625,46.348823515896214],[0.17852783203125,46.327964940407476],[0.17303466796875,46.278631221560865],[0.1318359375,46.25774588045684],[0.142822265625,46.229253045075275],[0.10711669921875,46.18553528880526],[0.20599365234375,46.09609080214316],[-0.03021240234375,46.02176059146292],[-0.62896728515625,46.143685745981585],[-0.8294677734375,46.34123949998619],[-0.648193359375,46.318481139323076],[-0.538330078125,46.38672781370434],[-0.63720703125,46.39619977845333],[-0.6427001953125,46.52296552030729],[-0.60699462890625,46.52863469527168],[-0.61798095703125,46.62492015414768],[-0.72509765625,46.76432449601198],[-0.703125,46.81321897604193],[-0.83221435546875,46.884600249935545],[-0.88714599609375,46.97650451055199],[-0.59600830078125,46.997114405385986],[-0.560302734375,47.0607674798335],[-0.14007568359375,47.10378387099161],[-0.17852783203125,47.07012182383309],[-0.1043701171875,47.06450941441437]]]}},{"type":"Feature","id":"7eb7e063-bd66-40f9-97ff-e94492d774b5","properties":{"feature_id":"7eb7e063-bd66-40f9-97ff-e94492d774b5","fid":558399500,"country_code":"FR","level":3,"level_name":"giallo","color":"#ffd54f","type_ids":[3,13],"source":"MeteoAlarm","preset":"now"},"geometry":{"type":"MultiPolygon","coordinates":[[[[0.13458251953125,43.42699324866587],[0.230712890625,43.367122441110695],[0.3021240234375,43.37111566864175],[0.63995361328125,43.31318813919641],[0.44219970703125,43.13105676219153],[0.56304931640625,43.072900581493215],[0.53558349609375,43.03075300142832],[0.54656982421875,43.004647127794435],[0.60699462890625,43.03476830455954],[0.6427001953125,42.95441233121329],[0.60150146484375,42.92827401776913],[0.560302734375,42.86187308074834],[0.48065185546875,42.87797684287408],[0.450439453125,42.7349091465156],[0.472412109375,42.70060440808084],[0.39825439453125,42.698585891698414],[0.35430908203125,42.71876810260633],[0.32135009765625,42.68243539838621],[0.29388427734375,42.67435857693383],[0.2691650390625,42.69454866207692],[0.26092529296875,42.712714128355564],[0.17578125,42.73692648169269],[0.00823974609375,42.6905111699824],[-0.0604248046875,42.6925299488386],[-0.10711669921875,42.720785962778336],[-0.15655517578125,42.79338522116174],[-0.32135009765625,42.83770955984962],[-0.32684326171875,42.916206438173525],[-0.28564453125,42.93028505122964],[-0.28839111328125,43.004647127794435],[-0.18951416015625,43.052833917627936],[-0.1922607421875,43.11501919561412],[-0.0164794921875,43.26920624914965],[-0.0439453125,43.28520334369384],[-0.0439453125,43.303195047973034],[-0.02471923828125,43.32717570677798],[0.010986328125,43.32517767999294],[0.0274658203125,43.341160054123065],[-0.0164794921875,43.4429488063514],[-0.0604248046875,43.411033484126044],[-0.098876953125,43.58437001520479],[-0.0164794921875,43.60625069174642],[0.11260986328125,43.51668853502907],[0.164794921875,43.4429488063514],[0.13458251953125,43.42699324866587]]],[[[-0.1263427734375,43.249203966977845],[-0.1373291015625,43.26320625445308],[-0.14007568359375,43.271206115959785],[-0.1373291015625,43.28520334369384],[-0.1318359375,43.289201960201254],[-0.120849609375,43.30719248161191],[-0.11260986328125,43.31118965238512],[-0.0933837890625,43.30119623257965],[-0.09613037109375,43.28520334369384],[-0.07965087890625,43.27320591705845],[-0.07965087890625,43.26320625445308],[-0.0933837890625,43.25520534158046],[-0.0933837890625,43.25320494908846],[-0.098876953125,43.2512044908875],[-0.1043701171875,43.24320200099952],[-0.120849609375,43.24320200099952],[-0.1263427734375,43.249203966977845]]],[[[-0.06591796875,43.35514118114017],[-0.06317138671875,43.34715236003301],[-0.0714111328125,43.317184915667056],[-0.06866455078125,43.31118965238512],[-0.07415771484375,43.30719248161191],[-0.1043701171875,43.31318813919641],[-0.11260986328125,43.315186560290485],[-0.1153564453125,43.323179587489065],[-0.1153564453125,43.331171563190445],[-0.10986328125,43.337164854911094],[-0.087890625,43.33316939281733],[-0.09063720703125,43.359135197357816],[-0.1043701171875,43.359135197357816],[-0.10711669921875,43.36312895068202],[-0.10711669921875,43.37111566864175],[-0.10162353515625,43.37311218382001],[-0.0933837890625,43.37311218382001],[-0.08514404296875,43.369119087738554],[-0.0823974609375,43.367122441110695],[-0.076904296875,43.36512572875843],[-0.06591796875,43.35514118114017]]]]}},{"type":"Feature","id":"8673a675-c5ff-4499-8866-18f47e0c6083","properties":{"feature_id":"8673a675-c5ff-4499-8866-18f47e0c6083","fid":481399400,"country_code":"FR","level":3,"level_name":"giallo","color":"#ffd54f","type_ids":[3],"source":"MeteoAlarm","preset":"now"},"geometry":{"type":"Polygon","coordinates":[[[1.8017578125,48.469279317167164],[1.8951416015625,48.440134263980575],[1.93084716796875,48.45288728338135],[1.94183349609375,48.44195631996267],[1.92535400390625,48.41279558109995],[1.93084716796875,48.40367941865279],[1.9775390625,48.400032496106846],[1.98028564453125,48.31790760445766],[1.9610595703125,48.31060120649364],[1.99127197265625,48.27953734226006],[1.966552734375,48.171580817831654],[1.90887451171875,48.15875730456922],[1.91436767578125,48.145930585161175],[1.84844970703125,48.08541857551198],[1.51336669921875,48.02850903443297],[1.5216064453125,47.98440682947525],[1.44744873046875,48.01013769851873],[1.3018798828125,47.964180715412276],[1.12060546875,48.03952869369056],[1.109619140625,48.07991394967836],[0.99700927734375,48.0890879988176],[0.99151611328125,48.09642606004487],[1.0052490234375,48.10559716402151],[1.04644775390625,48.120267527274464],[1.0382080078125,48.13126755117027],[1.0052490234375,48.13126755117027],[0.94482421875,48.09826041173268],[0.854278423595587,48.5],[1.7967173084640873,48.5],[1.8017578125,48.469279317167164]]]}},{"type":"Feature","id":"8b128eec-5107-4e93-bdae-d852e97deedd","properties":{"feature_id":"8b128eec-5107-4e93-bdae-d852e97deedd","fid":1654782300,"country_code":"FR","level":3,"level_name":"giallo","color":"#ffd54f","type_ids":[3],"source":"MeteoAlarm","preset":"now"},"geometry":{"type":"Polygon","coordinates":[[[3.61724853515625,48.27222545100432],[3.60076904296875,48.235650297553065],[3.6749267578125,48.14043243818812],[3.7408447265625,48.16974908365419],[3.90289306640625,47.945786463687185],[4.19677734375,47.96969771406488],[4.30938720703125,47.96050238891508],[4.25445556640625,47.88135501149263],[4.27093505859375,47.840814175074456],[4.32861328125,47.840814175074456],[4.33135986328125,47.755944512091666],[4.25994873046875,47.731934479491755],[4.075927734375,47.415078926201],[4.10888671875,47.34068391504695],[4.05120849609375,47.34068391504695],[4.00726318359375,47.31275872224938],[3.96881103515625,47.37975438400816],[3.87542724609375,47.36487380743409],[3.86444091796875,47.3834738721015],[3.8946533203125,47.40950294131107],[3.8507080078125,47.435519153195294],[3.812255859375,47.381614160856806],[3.59527587890625,47.457808530750306],[3.57330322265625,47.49864785970501],[3.49365234375,47.54316365431732],[3.4881591796875,47.49308072945064],[3.3453369140625,47.468949677672484],[3.1146240234375,47.5820839916191],[2.977294921875,47.56911375866714],[2.94708251953125,47.65058757118734],[2.84820556640625,47.71715357016647],[2.8564453125,47.76148371616668],[3.02398681640625,47.785480119293624],[3.02398681640625,47.90529605906087],[3.12835693359375,47.97153658265931],[3.087158203125,48.0542179068944],[2.9388427734375,48.16425348854739],[3.0487060546875,48.250283498490205],[3.0157470703125,48.30694761516018],[3.05419921875,48.35989909002195],[3.1915283203125,48.367198426439465],[3.40301513671875,48.41461861749318],[3.61724853515625,48.27222545100432]]]}},{"type":"Feature","id":"8b1e8d31-1880-4d2f-9ed2-3b653737c798","properties":{"feature_id":"8b1e8d31-1880-4d2f-9ed2-3b653737c798","fid":887130900,"country_code":"FR","level":3,"level_name":"giallo","color":"#ffd54f","type_ids":[3],"source":"MeteoAlarm","preset":"now"},"geometry":{"type":"Polygon","coordinates":[[[1.7303466796875,43.663897973972745],[1.68914794921875,43.63209941555776],[1.9830322265625,43.48082639482503],[2.04071044921875,43.51270490464819],[2.04071044921875,43.434971553373465],[1.856689453125,43.4429488063514],[1.69464111328125,43.26920624914965],[1.636962890625,43.249203966977845],[1.50238037109375,43.289201960201254],[1.505126953125,43.22319117678929],[1.417236328125,43.22719386727831],[1.41448974609375,43.26720631662828],[1.35406494140625,43.315186560290485],[1.29913330078125,43.27520565244536],[1.36505126953125,43.21118152841772],[1.22772216796875,43.17313537107136],[1.3018798828125,43.12303850442337],[1.22222900390625,43.08493742707592],[1.11236572265625,43.14909399920127],[0.977783203125,43.072900581493215],[1.021728515625,43.008664138452055],[0.82672119140625,42.91821786558451],[0.85968017578125,42.83166720261408],[0.802001953125,42.83972354764083],[0.780029296875,42.835695506414524],[0.703125,42.85784648372955],[0.6591796875,42.83770955984962],[0.670166015625,42.80547682786029],[0.6427001953125,42.75507954507213],[0.6591796875,42.75306280054229],[0.67840576171875,42.72683914955441],[0.6756591796875,42.6905111699824],[0.59600830078125,42.70464124398721],[0.5877685546875,42.69454866207692],[0.52734375,42.702622858843895],[0.51361083984375,42.6925299488386],[0.472412109375,42.70060440808084],[0.450439453125,42.7349091465156],[0.48065185546875,42.87797684287408],[0.560302734375,42.86187308074834],[0.60150146484375,42.92827401776913],[0.6427001953125,42.95441233121329],[0.60699462890625,43.03476830455954],[0.54656982421875,43.004647127794435],[0.53558349609375,43.03075300142832],[0.56304931640625,43.072900581493215],[0.44219970703125,43.13105676219153],[0.63995361328125,43.31318813919641],[0.71136474609375,43.375108633273086],[0.73333740234375,43.37111566864175],[0.77178955078125,43.41502381964653],[0.8074951171875,43.39906090005085],[0.81573486328125,43.41302868475145],[0.9283447265625,43.395069512861355],[0.98052978515625,43.36312895068202],[0.9942626953125,43.367122441110695],[1.0491943359375,43.54058479482875],[1.09039306640625,43.544566584363565],[1.10137939453125,43.534611617432816],[1.20025634765625,43.56845179881219],[1.197509765625,43.59829500262717],[1.1865234375,43.608239449643236],[1.05194091796875,43.67780454967293],[1.06292724609375,43.699651229671446],[0.95306396484375,43.78497553389676],[0.89813232421875,43.79488907226601],[1.153564453125,43.82065657651685],[1.2249755859375,43.77307711737607],[1.35955810546875,43.82065657651685],[1.307373046875,43.852355167935336],[1.3568115234375,43.884036920060474],[1.4501953125,43.87017822557581],[1.54083251953125,43.91965876206764],[1.7303466796875,43.663897973972745]]]}},{"type":"Feature","id":"97a36cc3-f033-458f-9e66-570491cb7332","properties":{"feature_id":"97a36cc3-f033-458f-9e66-570491cb7332","fid":222044500,"country_code":"FR","level":3,"level_name":"giallo","color":"#ffd54f","type_ids":[3],"source":"MeteoAlarm","preset":"now"},"geometry":{"type":"Polygon","coordinates":[[[5.0811767578125,46.48893804576336],[5.19378662109375,46.50784482789971],[5.29541015625,46.447319983416875],[5.372314453125,46.38483322349277],[5.47119140625,46.26724020382508],[5.60577392578125,46.31468715855949],[5.7073974609375,46.30899569419858],[5.71563720703125,46.28052949433555],[5.86944580078125,46.26534147068603],[6.05621337890625,46.415138776492014],[6.16058349609375,46.37535928611455],[6.1083984375,46.24065195500169],[5.96832275390625,46.20644812194459],[5.9820556640625,46.191239578041596],[5.95733642578125,46.12845983704489],[5.83099365234375,46.105613079982945],[5.80902099609375,45.98932892799954],[5.83099365234375,45.97596918714187],[5.7733154296875,45.72343900575002],[5.62774658203125,45.6121161765173],[5.35308837890625,45.88236073018403],[5.18829345703125,45.77901739936284],[5.0921630859375,45.790509467524714],[4.91912841796875,45.82305746228245],[4.7296142578125,45.951149686691394],[4.801025390625,46.143685745981585],[4.779052734375,46.17792864897331],[4.91912841796875,46.49271992812274],[5.0042724609375,46.50973514453877],[5.0811767578125,46.48893804576336]]]}},{"type":"Feature","id":"9a5b26ac-9d56-4b5d-ad3c-080992985cc6","properties":{"feature_id":"9a5b26ac-9d56-4b5d-ad3c-080992985cc6","fid":226385500,"country_code":"FR","level":3,"level_name":"giallo","color":"#ffd54f","type_ids":[3],"source":"MeteoAlarm","preset":"now"},"geometry":{"type":"Polygon","coordinates":[[[2.49664306640625,44.01059552121912],[2.4993896484375,43.95328204198018],[2.73284912109375,43.73141401376899],[2.823486328125,43.76315996157264],[2.91961669921875,43.73736766145916],[2.91961669921875,43.6877358451981],[2.7685546875,43.61818225281826],[2.64495849609375,43.659924074789096],[2.61474609375,43.566461725889596],[2.67242431640625,43.51668853502907],[2.581787109375,43.41302868475145],[2.2576904296875,43.45890015705447],[2.21099853515625,43.38508989465153],[2.07916259765625,43.39706523932025],[2.04071044921875,43.434971553373465],[2.04071044921875,43.51270490464819],[1.9830322265625,43.48082639482503],[1.68914794921875,43.63209941555776],[1.7303466796875,43.663897973972745],[1.54083251953125,43.91965876206764],[1.702880859375,44.04614157509525],[1.6534423828125,44.11125397357153],[1.746826171875,44.115197876604284],[1.79351806640625,44.09942068528651],[1.9830322265625,44.156592967556605],[2.1368408203125,44.19992812858302],[2.49664306640625,44.01059552121912]]]}},{"type":"Feature","id":"9a7f266b-5116-42be-b3b3-466f72e7fb70","properties":{"feature_id":"9a7f266b-5116-42be-b3b3-466f72e7fb70","fid":647166600,"country_code":"FR","level":3,"level_name":"giallo","color":"#ffd54f","type_ids":[3],"source":"MeteoAlarm","preset":"now"},"geometry":{"type":"Polygon","coordinates":[[[3.88916015625,46.21405081533952],[3.966064453125,46.20264638061018],[3.988037109375,46.17032095673059],[4.1033935546875,46.19884437618253],[4.1473388671875,46.191239578041596],[4.251708984375,46.166516715951616],[4.38629150390625,46.22545288226938],[4.43023681640625,46.17412493440401],[4.4110107421875,46.13607331774969],[4.3231201171875,46.13036330589104],[4.25445556640625,46.052267141590704],[4.306640625,46.02176059146292],[4.3011474609375,45.98932892799954],[4.24346923828125,45.99696161820381],[4.3450927734375,45.9320501968563],[4.3231201171875,45.903388625220714],[4.383544921875,45.863237552964364],[4.34783935546875,45.76943886620391],[4.4000244140625,45.74452698046843],[4.3670654296875,45.67164385226548],[4.6417236328125,45.54290788814744],[4.64996337890625,45.56406391514301],[4.68017578125,45.565986795411376],[4.64996337890625,45.52751668442123],[4.66644287109375,45.47746617959317],[4.757080078125,45.45627757127798],[4.73785400390625,45.36372498305678],[4.4879150390625,45.23234919751311],[4.427490234375,45.27681919090836],[4.38629150390625,45.25555527789206],[4.33685302734375,45.32125436117148],[4.3670654296875,45.33670190996811],[4.1473388671875,45.381090145612646],[3.89190673828125,45.36758436884979],[3.98529052734375,45.4947963896697],[3.84246826171875,45.65628792636447],[3.69140625,45.792424581895766],[3.7518310546875,45.89191985128208],[3.6309814453125,45.962606222421634],[3.83148193359375,45.99886962627586],[3.7738037109375,46.242551543128094],[3.8946533203125,46.286223918067066],[3.88916015625,46.21405081533952]]]}},{"type":"Feature","id":"9c19cbc9-1bd8-4bbf-b9e7-365465f2478f","properties":{"feature_id":"9c19cbc9-1bd8-4bbf-b9e7-365465f2478f","fid":530806700,"country_code":"FR","level":3,"level_name":"giallo","color":"#ffd54f","type_ids":[3,13],"source":"MeteoAlarm","preset":"now"},"geometry":{"type":"Polygon","coordinates":[[[8.81927490234375,42.31793945446848],[8.85772705078125,42.33012354634197],[9.03076171875,42.204107493733176],[9.20379638671875,42.02889410108475],[9.228515625,41.857287927691345],[9.40155029296875,41.85524221544657],[9.40155029296875,41.70367796221135],[9.36309814453125,41.63802573925078],[9.2889404296875,41.60928183876483],[9.28619384765625,41.588742636696765],[9.3218994140625,41.60517452129931],[9.3603515625,41.59695910193721],[9.283447265625,41.5291419887231],[9.2779541015625,41.47154438707647],[9.25872802734375,41.42831257152292],[9.25872802734375,41.413895564677304],[9.2230224609375,41.372686481864655],[9.2010498046875,41.36650286632722],[9.0966796875,41.39123380197929],[9.10491943359375,41.42831257152292],[9.063720703125,41.47154438707647],[8.85223388671875,41.51886045990477],[8.80279541015625,41.572306568724365],[8.78631591796875,41.61749568924244],[8.9154052734375,41.68727118379142],[8.7725830078125,41.711879781934556],[8.77532958984375,41.74057791057077],[8.71490478515625,41.72213058512579],[8.6846923828125,41.74057791057077],[8.778076171875,41.82659537357171],[8.80279541015625,41.89001042401825],[8.75335693359375,41.932933275213],[8.7176513671875,41.90840946591108],[8.61053466796875,41.89409955811395],[8.602294921875,41.96765920367816],[8.668212890625,42.01665183556824],[8.74786376953125,42.04929263868684],[8.701171875,42.110448960122206],[8.6572265625,42.10637370579325],[8.56109619140625,42.147114459220994],[8.5638427734375,42.23868534753649],[8.6846923828125,42.26308184299127],[8.65997314453125,42.301690328244504],[8.61053466796875,42.307784242136925],[8.61053466796875,42.34839525979299],[8.56658935546875,42.3341843859394],[8.57208251953125,42.38086519582322],[8.81927490234375,42.31793945446848]]]}},{"type":"Feature","id":"9d36311c-8235-4dd2-8b4b-30abbff11cad","properties":{"feature_id":"9d36311c-8235-4dd2-8b4b-30abbff11cad","fid":901328900,"country_code":"FR","level":3,"level_name":"giallo","color":"#ffd54f","type_ids":[3,13],"source":"MeteoAlarm","preset":"now"},"geometry":{"type":"Polygon","coordinates":[[[9.45098876953125,42.9905855218512],[9.4866943359375,42.78733853171999],[9.44549560546875,42.67637788071963],[9.52239990234375,42.575332321109954],[9.5361328125,42.35854391749706],[9.55535888671875,42.293564192170074],[9.54986572265625,42.108411365705855],[9.415283203125,41.959490098924654],[9.40155029296875,41.85524221544657],[9.228515625,41.857287927691345],[9.20379638671875,42.02889410108475],[9.03076171875,42.204107493733176],[8.85772705078125,42.33012354634197],[8.81927490234375,42.31793945446848],[8.57208251953125,42.38086519582322],[8.61053466796875,42.38695144052485],[8.6077880859375,42.41534611425361],[8.65997314453125,42.421429015363955],[8.67919921875,42.46804498583045],[8.64898681640625,42.47412277251148],[8.72314453125,42.575332321109954],[8.7890625,42.55914981211588],[8.800048828125,42.601619944327965],[9.0472412109375,42.65416193033991],[9.05548095703125,42.68243539838621],[9.1351318359375,42.730874279284826],[9.23126220703125,42.72280375732726],[9.29168701171875,42.67435857693383],[9.33837890625,42.72885674723189],[9.34112548828125,42.79741601927622],[9.31640625,42.82763863624229],[9.3328857421875,42.85784648372955],[9.327392578125,42.88200212690441],[9.35760498046875,42.924251753870685],[9.349365234375,43.000629854450025],[9.45098876953125,42.9905855218512]]]}},{"type":"Feature","id":"a8514ac3-f749-4144-8a22-8ebb7a95c567","properties":{"feature_id":"a8514ac3-f749-4144-8a22-8ebb7a95c567","fid":1424671300,"country_code":"FR","level":3,"level_name":"giallo","color":"#ffd54f","type_ids":[3],"source":"MeteoAlarm","preset":"now"},"geometry":{"type":"Polygon","coordinates":[[[2.93609619140625,46.242551543128094],[2.911376953125,46.17792864897331],[3.5980224609375,46.017946088500125],[3.6309814453125,45.962606222421634],[3.7518310546875,45.89191985128208],[3.69140625,45.792424581895766],[3.84246826171875,45.65628792636447],[3.98529052734375,45.4947963896697],[3.89190673828125,45.36758436884979],[3.62274169921875,45.3386325573467],[3.570556640625,45.40230699238177],[3.31787109375,45.41194838064267],[3.13385009765625,45.35214524585179],[3.0706787109375,45.33670190996811],[3.021240234375,45.294211013377726],[2.91412353515625,45.36565470886626],[2.72186279296875,45.38494834654319],[2.52410888671875,45.481317798141234],[2.515869140625,45.54290788814744],[2.4664306640625,45.60058738537024],[2.51861572265625,45.64668833372338],[2.48291015625,45.73494252455993],[2.39501953125,45.83262678266155],[2.60650634765625,45.96642454131025],[2.5927734375,46.03892259823599],[2.5543212890625,46.08085173686785],[2.559814453125,46.13797652347657],[2.647705078125,46.120845303856164],[2.8289794921875,46.246350522072895],[2.93609619140625,46.242551543128094]]]}},{"type":"Feature","id":"aea85f88-5577-4cd7-bafe-a127fee74864","properties":{"feature_id":"aea85f88-5577-4cd7-bafe-a127fee74864","fid":804555400,"country_code":"FR","level":3,"level_name":"giallo","color":"#ffd54f","type_ids":[3,13],"source":"MeteoAlarm","preset":"now"},"geometry":{"type":"Polygon","coordinates":[[[4.88067626953125,44.92980751215391],[4.75982666015625,44.77208668197081],[4.779052734375,44.6706061651103],[4.6527099609375,44.29043508918884],[4.39453125,44.345458103018316],[4.25445556640625,44.264871151101985],[4.04571533203125,44.319918120477425],[3.988037109375,44.451428201063976],[3.8671875,44.750634493861064],[4.37255859375,45.03665569548622],[4.4879150390625,45.23234919751311],[4.73785400390625,45.36372498305678],[4.88067626953125,44.92980751215391]]]}},{"type":"Feature","id":"b36dad68-6feb-449c-9f0c-a9d985601243","properties":{"feature_id":"b36dad68-6feb-449c-9f0c-a9d985601243","fid":1265927300,"country_code":"FR","level":3,"level_name":"giallo","color":"#ffd54f","type_ids":[3],"source":"MeteoAlarm","preset":"now"},"geometry":{"type":"Polygon","coordinates":[[[3.570556640625,45.40230699238177],[3.62274169921875,45.3386325573467],[3.89190673828125,45.36758436884979],[4.1473388671875,45.381090145612646],[4.3670654296875,45.33670190996811],[4.33685302734375,45.32125436117148],[4.38629150390625,45.25555527789206],[4.427490234375,45.27681919090836],[4.4879150390625,45.23234919751311],[4.37255859375,45.03665569548622],[3.8671875,44.750634493861064],[3.66119384765625,44.83249999349061],[3.67218017578125,44.855868807357254],[3.603515625,44.87922814163525],[3.58978271484375,44.838343085666516],[3.4771728515625,44.80912170007737],[3.35357666015625,44.97257068224064],[3.22723388671875,45.27102073184515],[3.09539794921875,45.30000710263141],[3.13385009765625,45.35214524585179],[3.31787109375,45.41194838064267],[3.570556640625,45.40230699238177]]]}},{"type":"Feature","id":"b64d6e4c-d077-4eb2-8ea0-fbc0ea4d3098","properties":{"feature_id":"b64d6e4c-d077-4eb2-8ea0-fbc0ea4d3098","fid":392142500,"country_code":"FR","level":3,"level_name":"giallo","color":"#ffd54f","type_ids":[3],"source":"MeteoAlarm","preset":"now"},"geometry":{"type":"Polygon","coordinates":[[[3.1915283203125,46.68147880091785],[3.2684326171875,46.71726868507396],[3.4332275390625,46.71161922789268],[3.45794677734375,46.65132155014944],[3.6199951171875,46.754916619281886],[3.73260498046875,46.54941660839227],[3.9990234375,46.45488927067795],[3.988037109375,46.32606831171259],[3.8946533203125,46.286223918067066],[3.7738037109375,46.242551543128094],[3.83148193359375,45.99886962627586],[3.6309814453125,45.962606222421634],[3.5980224609375,46.017946088500125],[2.911376953125,46.17792864897331],[2.93609619140625,46.242551543128094],[2.8289794921875,46.246350522072895],[2.647705078125,46.120845303856164],[2.27691650390625,46.432178253009404],[2.35107421875,46.51162539543791],[2.61474609375,46.55319428348575],[2.5927734375,46.64566519258495],[2.7191162109375,46.743624998844375],[2.845458984375,46.73421350813989],[3.0487060546875,46.81697825024371],[3.1915283203125,46.68147880091785]]]}},{"type":"Feature","id":"b855aea3-089f-40d6-952e-26dbfb693f83","properties":{"feature_id":"b855aea3-089f-40d6-952e-26dbfb693f83","fid":1103488900,"country_code":"FR","level":3,"level_name":"giallo","color":"#ffd54f","type_ids":[3],"source":"MeteoAlarm","preset":"now"},"geometry":{"type":"Polygon","coordinates":[[[0.39276123046875,48.323386716330916],[0.65643310546875,48.26308411537843],[0.94482421875,48.09826041173268],[0.615234375,47.68203210030428],[0.4449462890625,47.619124098197325],[0.38177490234375,47.64318610543656],[0.36529541015625,47.62652897270761],[0.3955078125,47.589494110887394],[0.37353515625,47.57096684578611],[0.2471923828125,47.61171817478493],[-0.1922607421875,47.646886969412996],[-0.2032470703125,47.72454454909967],[-0.36529541015625,47.71530566159559],[-0.39276123046875,47.76886840424206],[-0.44219970703125,47.83712707236852],[-0.2911376953125,47.949465837887004],[-0.33782958984375,48.045037639588145],[-0.15106201171875,48.21003212234041],[-0.15655517578125,48.33251726168279],[-0.0494384765625,48.37449671682332],[0.06317138671875,48.383618108866244],[0.26641845703125,48.48202501720534],[0.362548828125,48.45288728338135],[0.39276123046875,48.323386716330916]]]}},{"type":"Feature","id":"c56919a4-3dec-4589-b57b-6ff7c918f2b5","properties":{"feature_id":"c56919a4-3dec-4589-b57b-6ff7c918f2b5","fid":361170500,"country_code":"FR","level":3,"level_name":"giallo","color":"#ffd54f","type_ids":[3],"source":"MeteoAlarm","preset":"now"},"geometry":{"type":"Polygon","coordinates":[[[-1.06842041015625,45.51597051718247],[-0.977783203125,45.45820413751094],[-0.933837890625,45.43893551313962],[-0.802001953125,45.344424104522396],[-0.76904296875,45.286481972782816],[-0.7470703125,45.22654619626502],[-0.7470703125,45.205263456162385],[-0.6976318359375,45.10260769705975],[-0.68115234375,45.07546020688358],[-0.6756591796875,45.0735206067097],[-0.67291259765625,45.07158094070472],[-0.65643310546875,45.05606124274415],[-0.6536865234375,45.0502402697946],[-0.64544677734375,45.04441870436415],[-0.63446044921875,45.03471477868861],[-0.61798095703125,45.03859654645258],[-0.60699462890625,45.04053733158767],[-0.60699462890625,45.0502402697946],[-0.63720703125,45.07546020688358],[-0.64544677734375,45.096791463947376],[-0.66741943359375,45.1278045274732],[-0.670166015625,45.16461065172541],[-0.69488525390625,45.24395342262324],[-0.71136474609375,45.32897866218557],[-0.57403564453125,45.309665934834115],[-0.4229736328125,45.27681919090836],[-0.38726806640625,45.151053265563384],[-0.15655517578125,45.09097463835657],[-0.10986328125,45.11617660357485],[-0.05767822265625,45.09873027414909],[0.04669189453125,45.112300102296096],[0.06591796875,45.059941562221226],[-0.032958984375,44.85392176826879],[0.2362060546875,44.87144275016588],[0.3076171875,44.85197466334986],[0.26641845703125,44.813018740612776],[0.31036376953125,44.75648588056624],[0.10162353515625,44.7018498980029],[0.18402099609375,44.66083904265619],[-0.00823974609375,44.514134729871095],[0.0164794921875,44.3788397590886],[-0.08514404296875,44.33760083149563],[-0.03570556640625,44.27863773055189],[-0.14007568359375,44.22355206487972],[-0.18951416015625,44.26880478856617],[-0.2252197265625,44.264871151101985],[-0.2252197265625,44.21370990970205],[-0.3900146484375,44.20977258698448],[-0.3900146484375,44.28650289955314],[-0.6427001953125,44.400429518584644],[-1.02996826171875,44.42201131423663],[-1.0107421875,44.51021754644923],[-1.08489990234375,44.53175879707938],[-1.25518798828125,44.467111152020316],[-1.25244140625,44.55133484083593],[-1.19476318359375,44.65888542068506],[-1.01348876953125,44.641299860752255],[-1.07940673828125,44.72136867346627],[-1.16729736328125,44.775986224030376],[-1.24420166015625,44.623708968901205],[-1.26068115234375,44.625663775743526],[-1.23321533203125,44.80717308106487],[-1.1590576171875,45.419660306409874],[-1.15631103515625,45.47554027158592],[-1.0986328125,45.55252525134013],[-1.06842041015625,45.56983235849282],[-1.04095458984375,45.53521281284293],[-1.06842041015625,45.51597051718247]]]}},{"type":"Feature","id":"c6079964-1a81-4c84-9ed5-99ef41b1cd55","properties":{"feature_id":"c6079964-1a81-4c84-9ed5-99ef41b1cd55","fid":284561900,"country_code":"FR","level":3,"level_name":"giallo","color":"#ffd54f","type_ids":[3],"source":"MeteoAlarm","preset":"now"},"geometry":{"type":"Polygon","coordinates":[[[1.04644775390625,48.120267527274464],[1.0052490234375,48.10559716402151],[0.99151611328125,48.09642606004487],[0.99700927734375,48.0890879988176],[1.109619140625,48.07991394967836],[1.12060546875,48.03952869369056],[1.3018798828125,47.964180715412276],[1.44744873046875,48.01013769851873],[1.5216064453125,47.98440682947525],[1.52435302734375,47.929226038300406],[1.58203125,47.90161354142076],[1.58477783203125,47.86845909334295],[1.5325927734375,47.82053186746052],[1.58203125,47.72823964536174],[1.6259765625,47.759637380334595],[1.7083740234375,47.73378179825825],[1.79351806640625,47.63578359086485],[1.85394287109375,47.689428060158555],[2.197265625,47.676484442213194],[2.2412109375,47.62097541515848],[2.120361328125,47.5820839916191],[2.13958740234375,47.55057928124212],[2.2027587890625,47.539455447423904],[2.24395751953125,47.415078926201],[2.1807861328125,47.431803338643334],[2.10113525390625,47.387193097780425],[2.15057373046875,47.310896517807215],[2.11212158203125,47.27922900257082],[1.9390869140625,47.28854494625742],[1.90887451171875,47.225164175678934],[1.82647705078125,47.22329888685773],[1.71661376953125,47.277365616965646],[1.3458251953125,47.195311678374466],[1.22222900390625,47.29413372501023],[1.16180419921875,47.27177506640827],[1.10687255859375,47.29785924940982],[1.04644775390625,47.53203824675998],[1.07391357421875,47.55799385903776],[1.03271484375,47.6080148197327],[1.00250244140625,47.583936619781355],[0.98602294921875,47.62097541515848],[0.92010498046875,47.632081940263305],[0.89813232421875,47.60431120244565],[0.8514404296875,47.61356975397396],[0.85968017578125,47.68757916850813],[0.615234375,47.68203210030428],[0.94482421875,48.09826041173268],[1.0052490234375,48.13126755117027],[1.0382080078125,48.13126755117027],[1.04644775390625,48.120267527274464]]]}},{"type":"Feature","id":"c9e90e6b-64d0-4574-be7d-a5c11c201171","properties":{"feature_id":"c9e90e6b-64d0-4574-be7d-a5c11c201171","fid":1659599900,"country_code":"FR","level":3,"level_name":"giallo","color":"#ffd54f","type_ids":[3],"source":"MeteoAlarm","preset":"now"},"geometry":{"type":"Polygon","coordinates":[[[5.7733154296875,48.4911271282819],[5.4656982421875,48.420087334489466],[5.302360164308026,48.5],[5.77280484475931,48.5],[5.7733154296875,48.4911271282819]]]}},{"type":"Feature","id":"cc1fe66a-9e84-45cf-8fff-686eb29d774b","properties":{"feature_id":"cc1fe66a-9e84-45cf-8fff-686eb29d774b","fid":1211287300,"country_code":"FR","level":3,"level_name":"giallo","color":"#ffd54f","type_ids":[3],"source":"MeteoAlarm","preset":"now"},"geometry":{"type":"Polygon","coordinates":[[[4.62799072265625,48.467458241483314],[4.83123779296875,48.33434317459201],[4.833984375,48.10559716402151],[4.71038818359375,48.09459164290992],[4.713134765625,48.01381248943335],[4.449462890625,47.956823800497475],[4.30938720703125,47.96050238891508],[4.19677734375,47.96969771406488],[3.90289306640625,47.945786463687185],[3.7408447265625,48.16974908365419],[3.6749267578125,48.14043243818812],[3.60076904296875,48.235650297553065],[3.61724853515625,48.27222545100432],[3.40301513671875,48.41461861749318],[3.4571801021628845,48.5],[4.574548365479933,48.5],[4.62799072265625,48.467458241483314]]]}},{"type":"Feature","id":"ce3e5ee4-f8b7-4763-95bc-bc340b45261a","properties":{"feature_id":"ce3e5ee4-f8b7-4763-95bc-bc340b45261a","fid":1429346600,"country_code":"FR","level":3,"level_name":"giallo","color":"#ffd54f","type_ids":[3],"source":"MeteoAlarm","preset":"now"},"geometry":{"type":"Polygon","coordinates":[[[0.3076171875,47.049540100215545],[0.3076171875,46.94463722418168],[0.439453125,46.92963428624288],[0.5987548828125,46.95588666908011],[0.56854248046875,47.00647991252097],[0.61798095703125,47.00835281693704],[0.69488525390625,46.97088225099077],[0.703125,46.90336902972804],[0.8953857421875,46.736095937701194],[0.89813232421875,46.63435070293566],[1.021728515625,46.543749602738565],[1.14532470703125,46.5059544455205],[1.13983154296875,46.466241229180895],[1.2139892578125,46.432178253009404],[1.17828369140625,46.38483322349277],[1.03546142578125,46.346927610556754],[1.0052490234375,46.28052949433555],[0.8953857421875,46.27293600864149],[0.83770751953125,46.229253045075275],[0.802001953125,46.217851767403],[0.7965087890625,46.1322667089571],[0.61798095703125,46.117037642576875],[0.49713134765625,46.13607331774969],[0.4449462890625,46.10370875598026],[0.48065185546875,46.0656084613869],[0.20599365234375,46.09609080214316],[0.10711669921875,46.18553528880526],[0.142822265625,46.229253045075275],[0.1318359375,46.25774588045684],[0.17303466796875,46.278631221560865],[0.17852783203125,46.327964940407476],[0.12359619140625,46.348823515896214],[0.07415771484375,46.30709840788667],[0.0164794921875,46.32606831171259],[-0.03021240234375,46.51918574163986],[0.0439453125,46.59095657312453],[-0.0164794921875,46.640008243515915],[0.0384521484375,46.73233101286785],[-0.01373291015625,46.756798326042514],[0.0274658203125,46.84704298339388],[-0.0384521484375,46.98962081759435],[-0.08514404296875,46.98587362966406],[-0.1043701171875,47.06450941441437],[-0.087890625,47.09817500706038],[-0.03570556640625,47.088825587407555],[0.01922607421875,47.17664533468976],[0.0604248046875,47.15610477504402],[0.3076171875,47.049540100215545]]]}},{"type":"Feature","id":"d17cdca6-6ebd-4f06-b539-75dc2f99b201","properties":{"feature_id":"d17cdca6-6ebd-4f06-b539-75dc2f99b201","fid":345245800,"country_code":"FR","level":3,"level_name":"giallo","color":"#ffd54f","type_ids":[3],"source":"MeteoAlarm","preset":"now"},"geometry":{"type":"Polygon","coordinates":[[[1.41448974609375,43.26720631662828],[1.417236328125,43.22719386727831],[1.505126953125,43.22319117678929],[1.50238037109375,43.289201960201254],[1.636962890625,43.249203966977845],[1.69464111328125,43.26920624914965],[1.95281982421875,43.1130142041889],[1.9830322265625,42.88602714832882],[1.9720458984375,42.73692648169269],[2.1588134765625,42.684454439710215],[1.79901123046875,42.571287087427564],[1.7852783203125,42.57735483955784],[1.77703857421875,42.5854442573849],[1.7633056640625,42.58342200132359],[1.7413330078125,42.58948857271423],[1.72210693359375,42.59151063198149],[1.73309326171875,42.61981257367216],[1.7083740234375,42.61779143282346],[1.68914794921875,42.627896481020834],[1.66168212890625,42.62183364891663],[1.64794921875,42.627896481020834],[1.63421630859375,42.63193804106212],[1.59576416015625,42.62991729384456],[1.57928466796875,42.64406114661688],[1.549072265625,42.65618189025384],[1.51336669921875,42.648101656935246],[1.49688720703125,42.65012181368023],[1.4886474609375,42.65618189025384],[1.4776611328125,42.65416193033991],[1.47491455078125,42.64406114661688],[1.4666748046875,42.63395872267315],[1.4776611328125,42.61374895431491],[1.45843505859375,42.605663210064066],[1.3348388671875,42.72482148625274],[1.15631103515625,42.714732185394574],[1.07940673828125,42.78935416050277],[0.93658447265625,42.79338522116174],[0.85968017578125,42.83166720261408],[0.82672119140625,42.91821786558451],[1.021728515625,43.008664138452055],[0.977783203125,43.072900581493215],[1.11236572265625,43.14909399920127],[1.22222900390625,43.08493742707592],[1.3018798828125,43.12303850442337],[1.22772216796875,43.17313537107136],[1.36505126953125,43.21118152841772],[1.29913330078125,43.27520565244536],[1.35406494140625,43.315186560290485],[1.41448974609375,43.26720631662828]]]}},{"type":"Feature","id":"d2ae5201-19d4-440c-9953-3643d30db661","properties":{"feature_id":"d2ae5201-19d4-440c-9953-3643d30db661","fid":1135996800,"country_code":"FR","level":3,"level_name":"giallo","color":"#ffd54f","type_ids":[3,13],"source":"MeteoAlarm","preset":"now"},"geometry":{"type":"Polygon","coordinates":[[[6.88018798828125,44.50238238974582],[6.8829345703125,44.35920579433502],[6.690673828125,44.16447445668457],[6.943359375,43.89987148115716],[6.88018798828125,43.89393401411192],[6.81976318359375,43.91570183215611],[6.624755859375,43.7968715826214],[6.3775634765625,43.74133643108268],[6.22650146484375,43.798854027203525],[6.01776123046875,43.671844983221604],[5.9271240234375,43.75125720420174],[5.745849609375,43.71950494269108],[5.65521240234375,43.8186748554532],[5.56732177734375,43.82660134505382],[5.50689697265625,44.11716972942085],[5.69091796875,44.18614312298759],[5.91339111328125,44.197959039485305],[5.9051513671875,44.33760083149563],[6.13311767578125,44.467111152020316],[6.24298095703125,44.384728665110295],[6.3665771484375,44.51609322284931],[6.4434814453125,44.467111152020316],[6.624755859375,44.447506805130736],[6.90765380859375,44.65693173288728],[6.88018798828125,44.50238238974582]]]}},{"type":"Feature","id":"d48d1d52-e07b-4118-a4eb-7a90aec8b551","properties":{"feature_id":"d48d1d52-e07b-4118-a4eb-7a90aec8b551","fid":244688400,"country_code":"FR","level":3,"level_name":"giallo","color":"#ffd54f","type_ids":[3,13],"source":"MeteoAlarm","preset":"now"},"geometry":{"type":"Polygon","coordinates":[[[2.2906494140625,45.66780526567162],[2.34832763671875,45.71001523943371],[2.43621826171875,45.698506587388465],[2.48291015625,45.73494252455993],[2.51861572265625,45.64668833372338],[2.4664306640625,45.60058738537024],[2.515869140625,45.54290788814744],[2.52410888671875,45.481317798141234],[2.493896484375,45.41387646082107],[2.52410888671875,45.381090145612646],[2.48016357421875,45.369513963007414],[2.35382080078125,45.41387646082107],[2.35931396484375,45.33670190996811],[2.19451904296875,45.2110686297804],[2.06817626953125,44.97839955494439],[1.7742919921875,44.92591837128866],[1.6259765625,45.03471477868861],[1.45843505859375,45.013360349050345],[1.3787841796875,45.106484856646844],[1.40899658203125,45.12586670473358],[1.2744140625,45.166547157856016],[1.23870849609375,45.32318553516563],[1.32110595703125,45.37530235052553],[1.25518798828125,45.40616374516016],[1.263427734375,45.444716791595546],[1.285400390625,45.490945692627314],[1.351318359375,45.46783598133374],[1.5216064453125,45.56406391514301],[1.58477783203125,45.556371735883125],[1.8017578125,45.67548217560646],[1.88140869140625,45.66780526567162],[1.90887451171875,45.688914234195416],[2.054443359375,45.76177485514122],[2.2906494140625,45.66780526567162]]]}},{"type":"Feature","id":"d5056093-0288-4e1e-9947-523d56f15df8","properties":{"feature_id":"d5056093-0288-4e1e-9947-523d56f15df8","fid":1587873400,"country_code":"FR","level":3,"level_name":"giallo","color":"#ffd54f","type_ids":[3],"source":"MeteoAlarm","preset":"now"},"geometry":{"type":"Polygon","coordinates":[[[2.45269775390625,47.60060732292069],[2.6641845703125,47.4856569709591],[2.7410888671875,47.52647465773269],[2.88116455078125,47.51720069783939],[2.93060302734375,47.42994533297611],[2.8729248046875,47.329515609509556],[2.98004150390625,47.24567802101874],[3.076171875,47.021461309117285],[3.0487060546875,46.81697825024371],[2.845458984375,46.73421350813989],[2.7191162109375,46.743624998844375],[2.5927734375,46.64566519258495],[2.61474609375,46.55319428348575],[2.35107421875,46.51162539543791],[2.27691650390625,46.432178253009404],[2.1533203125,46.4435349453033],[2.19451904296875,46.5059544455205],[2.1807861328125,46.64189395892873],[2.08740234375,46.71726868507396],[2.0489501953125,46.835770679359506],[2.1533203125,46.91275095637893],[2.0489501953125,47.105653360993834],[1.99676513671875,47.12621341795226],[1.878662109375,47.101914315335506],[1.79351806640625,47.12060691750966],[1.82647705078125,47.22329888685773],[1.90887451171875,47.225164175678934],[1.9390869140625,47.28854494625742],[2.11212158203125,47.27922900257082],[2.15057373046875,47.310896517807215],[2.10113525390625,47.387193097780425],[2.1807861328125,47.431803338643334],[2.24395751953125,47.415078926201],[2.2027587890625,47.539455447423904],[2.13958740234375,47.55057928124212],[2.120361328125,47.5820839916191],[2.2412109375,47.62097541515848],[2.45269775390625,47.60060732292069]]]}},{"type":"Feature","id":"e025c53e-72f5-48bd-b429-a383a8d226d2","properties":{"feature_id":"e025c53e-72f5-48bd-b429-a383a8d226d2","fid":1240988700,"country_code":"FR","level":3,"level_name":"giallo","color":"#ffd54f","type_ids":[3,13],"source":"MeteoAlarm","preset":"now"},"geometry":{"type":"Polygon","coordinates":[[[2.8399658203125,44.87144275016588],[2.99652099609375,44.6706061651103],[3.07342529296875,44.57481740467029],[3.1365966796875,44.423972900753874],[3.12286376953125,44.26683800273896],[3.2135009765625,44.197959039485305],[3.2958984375,44.20780382691622],[3.3673095703125,44.18614312298759],[3.27117919921875,44.09744824027576],[3.43597412109375,44.02837121279198],[3.30413818359375,43.89393401411192],[3.24371337890625,43.84641296470238],[3.065185546875,43.83452678223683],[3.043212890625,43.69766549666678],[2.91961669921875,43.6877358451981],[2.91961669921875,43.73736766145916],[2.823486328125,43.76315996157264],[2.73284912109375,43.73141401376899],[2.4993896484375,43.95328204198018],[2.49664306640625,44.01059552121912],[2.1368408203125,44.19992812858302],[1.9830322265625,44.156592967556605],[1.8621826171875,44.48670891691768],[2.1533203125,44.5728608863815],[2.21923828125,44.623708968901205],[2.48565673828125,44.6510702745346],[2.7520751953125,44.93369638969468],[2.8399658203125,44.87144275016588]]]}},{"type":"Feature","id":"e24661cc-9832-4905-846a-e6918163522d","properties":{"feature_id":"e24661cc-9832-4905-846a-e6918163522d","fid":488844100,"country_code":"FR","level":3,"level_name":"giallo","color":"#ffd54f","type_ids":[3],"source":"MeteoAlarm","preset":"now"},"geometry":{"type":"Polygon","coordinates":[[[0.8514404296875,47.61356975397396],[0.89813232421875,47.60431120244565],[0.92010498046875,47.632081940263305],[0.98602294921875,47.62097541515848],[1.00250244140625,47.583936619781355],[1.03271484375,47.6080148197327],[1.07391357421875,47.55799385903776],[1.04644775390625,47.53203824675998],[1.10687255859375,47.29785924940982],[1.16180419921875,47.27177506640827],[1.22222900390625,47.29413372501023],[1.3458251953125,47.195311678374466],[1.36505126953125,47.12247581664114],[1.241455078125,47.01771635397922],[1.17279052734375,47.04018214480666],[1.0491943359375,46.98025235521882],[1.0107421875,46.758679967095574],[0.89813232421875,46.63435070293566],[0.8953857421875,46.736095937701194],[0.703125,46.90336902972804],[0.69488525390625,46.97088225099077],[0.61798095703125,47.00835281693704],[0.56854248046875,47.00647991252097],[0.5987548828125,46.95588666908011],[0.439453125,46.92963428624288],[0.3076171875,46.94463722418168],[0.3076171875,47.049540100215545],[0.0604248046875,47.15610477504402],[0.2471923828125,47.61171817478493],[0.37353515625,47.57096684578611],[0.3955078125,47.589494110887394],[0.36529541015625,47.62652897270761],[0.38177490234375,47.64318610543656],[0.4449462890625,47.619124098197325],[0.615234375,47.68203210030428],[0.85968017578125,47.68757916850813],[0.8514404296875,47.61356975397396]]]}},{"type":"Feature","id":"e6c64873-443c-44dc-a3d0-daf1a138a5df","properties":{"feature_id":"e6c64873-443c-44dc-a3d0-daf1a138a5df","fid":1223091000,"country_code":"FR","level":3,"level_name":"giallo","color":"#ffd54f","type_ids":[3],"source":"MeteoAlarm","preset":"now"},"geometry":{"type":"Polygon","coordinates":[[[2.581787109375,43.41302868475145],[2.54608154296875,43.34315755514772],[2.7520751953125,43.25520534158046],[2.84820556640625,43.32517767999294],[2.99652099609375,43.31918320532586],[3.0157470703125,43.277205322120224],[3.18603515625,43.2512044908875],[3.240966796875,43.21318330073887],[3.1256103515625,43.111009147075116],[3.065185546875,43.02071359427861],[3.04046630859375,42.94234987312985],[3.05694580078125,42.92022922733792],[3.04595947265625,42.84777884235987],[2.86468505859375,42.91821786558451],[2.7410888671875,42.83972354764083],[2.32635498046875,42.835695506414524],[2.3565673828125,42.744995166137286],[2.1588134765625,42.684454439710215],[1.9720458984375,42.73692648169269],[1.9830322265625,42.88602714832882],[1.95281982421875,43.1130142041889],[1.69464111328125,43.26920624914965],[1.856689453125,43.4429488063514],[2.04071044921875,43.434971553373465],[2.07916259765625,43.39706523932025],[2.21099853515625,43.38508989465153],[2.2576904296875,43.45890015705447],[2.581787109375,43.41302868475145]]]}},{"type":"Feature","id":"e92756a1-c5c4-4fba-ba29-b7cd285e77ec","properties":{"feature_id":"e92756a1-c5c4-4fba-ba29-b7cd285e77ec","fid":1176495400,"country_code":"FR","level":3,"level_name":"giallo","color":"#ffd54f","type_ids":[3],"source":"MeteoAlarm","preset":"now"},"geometry":{"type":"Polygon","coordinates":[[[2.076416015625,46.415138776492014],[2.1533203125,46.4435349453033],[2.27691650390625,46.432178253009404],[2.647705078125,46.120845303856164],[2.559814453125,46.13797652347657],[2.5543212890625,46.08085173686785],[2.5927734375,46.03892259823599],[2.60650634765625,45.96642454131025],[2.39501953125,45.83262678266155],[2.48291015625,45.73494252455993],[2.43621826171875,45.698506587388465],[2.34832763671875,45.71001523943371],[2.2906494140625,45.66780526567162],[2.054443359375,45.76177485514122],[1.90887451171875,45.688914234195416],[1.8731689453125,45.72727377526009],[1.88690185546875,45.790509467524714],[1.76605224609375,45.86897519703921],[1.658935546875,45.842194457952886],[1.60675048828125,45.85558643964396],[1.59027099609375,45.88236073018403],[1.6424560546875,45.89191985128208],[1.6259765625,45.9320501968563],[1.55731201171875,45.92249798457993],[1.51885986328125,45.94160076422081],[1.56829833984375,45.99314540468519],[1.4556884765625,46.1817321004399],[1.3787841796875,46.219752144776876],[1.4447021484375,46.305201055811956],[1.527099609375,46.426499019253],[1.5545654296875,46.39619977845333],[1.73309326171875,46.39430551701067],[1.7578125,46.441642327624976],[1.80450439453125,46.447319983416875],[2.076416015625,46.415138776492014]]]}},{"type":"Feature","id":"e97964b4-a136-4401-9aa0-994b0c39b386","properties":{"feature_id":"e97964b4-a136-4401-9aa0-994b0c39b386","fid":1337960500,"country_code":"FR","level":3,"level_name":"giallo","color":"#ffd54f","type_ids":[3],"source":"MeteoAlarm","preset":"now"},"geometry":{"type":"Polygon","coordinates":[[[5.62774658203125,45.6121161765173],[5.89141845703125,45.39073515424888],[5.965576171875,45.490945692627314],[6.12213134765625,45.43893551313962],[6.17706298828125,45.39073515424888],[6.185302734375,45.317391815701576],[6.1248779296875,45.24395342262324],[6.14410400390625,45.15492713361845],[6.3226318359375,45.11423838585087],[6.21002197265625,45.03471477868861],[6.31439208984375,45.00365115687186],[6.3555908203125,44.855868807357254],[5.80078125,44.6706061651103],[5.80352783203125,44.7096581981238],[5.46295166015625,44.793530904744074],[5.482177734375,45.02112651782961],[5.46295166015625,45.087096425474485],[5.3778076171875,45.04053733158767],[5.21575927734375,45.08127861241874],[5.1416015625,45.0735206067097],[5.1910400390625,45.156863968900446],[5.17730712890625,45.21687321093266],[4.98779296875,45.344424104522396],[4.80377197265625,45.29807513870795],[4.73785400390625,45.36372498305678],[4.757080078125,45.45627757127798],[4.86419677734375,45.53713668039858],[4.779052734375,45.58328975600631],[4.998779296875,45.604430579018995],[5.15533447265625,45.70234306798272],[5.0921630859375,45.790509467524714],[5.18829345703125,45.780932908573234],[5.35308837890625,45.88236073018403],[5.62774658203125,45.6121161765173]]]}},{"type":"Feature","id":"f16ba48d-2fc6-4031-ae99-fcf23c21e7f3","properties":{"feature_id":"f16ba48d-2fc6-4031-ae99-fcf23c21e7f3","fid":8162300,"country_code":"FR","level":3,"level_name":"giallo","color":"#ffd54f","type_ids":[3],"source":"MeteoAlarm","preset":"now"},"geometry":{"type":"Polygon","coordinates":[[[4.3560791015625,47.0626384799543],[4.41650390625,47.07760411715963],[4.68841552734375,46.901492447340814],[5.0482177734375,46.98212617904094],[5.10040283203125,46.9465122958623],[5.25421142578125,46.98025235521882],[5.26519775390625,46.92775862343443],[5.3338623046875,46.886477423510236],[5.44647216796875,46.86019101567026],[5.46295166015625,46.828254496083],[5.328369140625,46.81321897604193],[5.44097900390625,46.63812246237965],[5.361328125,46.57774276255591],[5.35858154296875,46.52296552030729],[5.416259765625,46.50217348354073],[5.41351318359375,46.471916320870406],[5.29541015625,46.447319983416875],[5.19378662109375,46.50784482789971],[5.0811767578125,46.48893804576336],[5.0042724609375,46.50973514453877],[4.91912841796875,46.49271992812274],[4.779052734375,46.17792864897331],[4.70489501953125,46.27103747280261],[4.647216796875,46.25584681848032],[4.59503173828125,46.29571330898939],[4.51263427734375,46.28432584258846],[4.43572998046875,46.30330363797423],[4.38079833984375,46.246350522072895],[4.38629150390625,46.22545288226938],[4.251708984375,46.166516715951616],[4.1473388671875,46.191239578041596],[4.1033935546875,46.19884437618253],[3.988037109375,46.17032095673059],[3.966064453125,46.20264638061018],[3.88916015625,46.21405081533952],[3.8946533203125,46.286223918067066],[3.988037109375,46.32606831171259],[3.9990234375,46.45488927067795],[3.73260498046875,46.54941660839227],[3.6199951171875,46.754916619281886],[3.79852294921875,46.70220215164344],[4.05670166015625,46.78125453463861],[4.10064697265625,46.8620690432229],[4.031982421875,46.98587362966406],[4.07318115234375,47.0570252826084],[4.04022216796875,47.07760411715963],[4.0594482421875,47.11873795272714],[4.08966064453125,47.116868922293264],[4.0924072265625,47.12621341795226],[4.11163330078125,47.11873795272714],[4.11712646484375,47.1243446501219],[4.12811279296875,47.12995075666306],[4.13360595703125,47.1243446501219],[4.1473388671875,47.113130664470184],[4.15283203125,47.11499982620772],[4.1583251953125,47.12060691750966],[4.1748046875,47.113130664470184],[4.1802978515625,47.11499982620772],[4.1693115234375,47.12247581664114],[4.1912841796875,47.14489748555397],[4.21051025390625,47.15610477504402],[4.3560791015625,47.0626384799543]]]}},{"type":"Feature","id":"f1d99180-f68e-4017-92af-1c489bb03b42","properties":{"feature_id":"f1d99180-f68e-4017-92af-1c489bb03b42","fid":682779600,"country_code":"FR","level":3,"level_name":"giallo","color":"#ffd54f","type_ids":[3],"source":"MeteoAlarm","preset":"now"},"geometry":{"type":"Polygon","coordinates":[[[0.73883056640625,44.06193297865354],[0.76629638671875,44.03034596066821],[0.82672119140625,44.05601169578526],[0.86517333984375,44.03824429423548],[0.76080322265625,43.941417172952114],[0.7635498046875,43.93152797296857],[0.88714599609375,43.90976594390799],[0.89813232421875,43.79488907226601],[0.95306396484375,43.78497553389676],[1.06292724609375,43.699651229671446],[1.05194091796875,43.67780454967293],[1.1865234375,43.608239449643236],[1.197509765625,43.59829500262717],[1.20025634765625,43.56845179881219],[1.10137939453125,43.534611617432816],[1.09039306640625,43.544566584363565],[1.0491943359375,43.54058479482875],[0.9942626953125,43.367122441110695],[0.98052978515625,43.36312895068202],[0.9283447265625,43.395069512861355],[0.81573486328125,43.41302868475145],[0.8074951171875,43.39906090005085],[0.77178955078125,43.41502381964653],[0.73333740234375,43.37111566864175],[0.71136474609375,43.375108633273086],[0.63995361328125,43.31318813919641],[0.3021240234375,43.37111566864175],[0.230712890625,43.367122441110695],[0.13458251953125,43.42699324866587],[0.164794921875,43.4429488063514],[0.11260986328125,43.51668853502907],[-0.0164794921875,43.60625069174642],[-0.098876953125,43.58437001520479],[-0.252685546875,43.59630591596549],[-0.24993896484375,43.707593504052944],[-0.19500732421875,43.745304937635055],[-0.2197265625,43.7968715826214],[-0.1922607421875,43.81074731344699],[-0.19775390625,43.87215823641542],[-0.23895263671875,43.89789239125797],[-0.03570556640625,43.982933852960784],[0.0,43.96119063892025],[-0.0164794921875,43.9255936635507],[0.032958984375,43.89987148115716],[0.0714111328125,43.90976594390799],[0.05767822265625,43.95130472827631],[0.22796630859375,44.02047156335411],[0.30487060546875,43.9928145004899],[0.582275390625,44.07574700247846],[0.6591796875,44.02639639912231],[0.73883056640625,44.06193297865354]]]}},{"type":"Feature","id":"f3c7109c-7a61-43a4-ab1d-39e820df3258","properties":{"feature_id":"f3c7109c-7a61-43a4-ab1d-39e820df3258","fid":395057800,"country_code":"FR","level":3,"level_name":"giallo","color":"#ffd54f","type_ids":[3],"source":"MeteoAlarm","preset":"now"},"geometry":{"type":"Polygon","coordinates":[[[-0.14556884765625,48.4565304150191],[-0.06317138671875,48.4565304150191],[-0.0494384765625,48.37449671682332],[-0.15655517578125,48.33251726168279],[-0.15106201171875,48.21003212234041],[-0.33782958984375,48.045037639588145],[-0.2911376953125,47.949465837887004],[-0.44219970703125,47.83712707236852],[-0.39276123046875,47.76886840424206],[-0.5108642578125,47.785480119293624],[-0.51910400390625,47.76332998647306],[-0.59326171875,47.75225138174103],[-0.6097412109375,47.73562905149295],[-0.823974609375,47.77071441244972],[-0.84869384765625,47.754097979680026],[-0.95855712890625,47.79655164755934],[-0.9503173828125,47.76702233051035],[-1.24420166015625,47.77994347064128],[-1.1151123046875,47.988083453574895],[-1.0162353515625,48.00646264573116],[-1.0986328125,48.26856911296433],[-1.04644775390625,48.32886523970466],[-1.0672848371725698,48.5],[-0.8563272747407582,48.5],[-0.75531005859375,48.43831214264123],[-0.35430908203125,48.48384557010989],[-0.30180359240381194,48.5],[-0.17179916694731512,48.5],[-0.14556884765625,48.4565304150191]]]}},{"type":"Feature","id":"f4894d7b-e24b-408d-9b18-31ff44d10e06","properties":{"feature_id":"f4894d7b-e24b-408d-9b18-31ff44d10e06","fid":1536344200,"country_code":"FR","level":3,"level_name":"giallo","color":"#ffd54f","type_ids":[3,13],"source":"MeteoAlarm","preset":"now"},"geometry":{"type":"Polygon","coordinates":[[[0.74981689453125,45.61595858036835],[0.83770751953125,45.581367468100964],[1.0272216796875,45.602509015102996],[1.0821533203125,45.53328887946744],[1.1151123046875,45.54483149242463],[1.16729736328125,45.52559248776562],[1.11785888671875,45.47746617959317],[1.263427734375,45.444716791595546],[1.25518798828125,45.40616374516016],[1.32110595703125,45.37530235052553],[1.23870849609375,45.32318553516563],[1.2744140625,45.166547157856016],[1.40625,45.1278045274732],[1.40625,45.12669691806261],[1.40899658203125,45.12586670473358],[1.3787841796875,45.106484856646844],[1.40625,45.07546020688358],[1.40625,45.07437295747564],[1.45843505859375,45.013360349050345],[1.40899658203125,45.00559312697018],[1.439208984375,44.87533557756195],[1.3018798828125,44.78963254761407],[1.1041259765625,44.58068656459204],[0.9722900390625,44.63739123445586],[0.85693359375,44.5982904898401],[0.8184814453125,44.625663775743526],[0.8514404296875,44.6686528722732],[0.7965087890625,44.7018498980029],[0.6207275390625,44.697945352975765],[0.41748046875,44.64520822374404],[0.31036376953125,44.75648588056624],[0.26641845703125,44.813018740612776],[0.3076171875,44.85197466334986],[0.2362060546875,44.87144275016588],[-0.032958984375,44.85392176826879],[0.06591796875,45.059941562221226],[0.04669189453125,45.112300102296096],[-0.05767822265625,45.09873027414909],[0.00823974609375,45.203328266630514],[0.13458251953125,45.2110686297804],[0.26641845703125,45.29807513870795],[0.2581787109375,45.38880628417225],[0.63995361328125,45.698506587388465],[0.7745361328125,45.66780526567162],[0.74981689453125,45.61595858036835]]]}},{"type":"Feature","id":"fbcdfa27-14b1-4374-aba0-7dd7164a2928","properties":{"feature_id":"fbcdfa27-14b1-4374-aba0-7dd7164a2928","fid":1253337200,"country_code":"FR","level":3,"level_name":"giallo","color":"#ffd54f","type_ids":[3],"source":"MeteoAlarm","preset":"now"},"geometry":{"type":"Polygon","coordinates":[[[1.7742919921875,44.92591837128866],[2.06817626953125,44.97839955494439],[2.16705322265625,44.81107025326001],[2.13409423828125,44.7096581981238],[2.21923828125,44.623708968901205],[2.1533203125,44.5728608863815],[1.8621826171875,44.48670891691768],[1.9830322265625,44.156592967556605],[1.55731201171875,44.23339257487901],[1.46942138671875,44.28257044667386],[1.3568115234375,44.203866109361414],[1.0601806640625,44.37098696297171],[1.00250244140625,44.52001001133986],[1.1041259765625,44.58068656459204],[1.3018798828125,44.78963254761407],[1.439208984375,44.87533557756195],[1.40899658203125,45.00559312697018],[1.45843505859375,45.013360349050345],[1.6259765625,45.03471477868861],[1.7742919921875,44.92591837128866]]]}},{"type":"Feature","id":"fed1fc13-8388-4598-86b0-b61b39ce3ad4","properties":{"feature_id":"fed1fc13-8388-4598-86b0-b61b39ce3ad4","fid":464541400,"country_code":"FR","level":3,"level_name":"giallo","color":"#ffd54f","type_ids":[3],"source":"MeteoAlarm","preset":"now"},"geometry":{"type":"Polygon","coordinates":[[[2.24395751953125,48.33251726168279],[2.2467041015625,48.29963964777105],[2.40325927734375,48.31973404047172],[2.43072509765625,48.25576986959546],[2.4993896484375,48.23930899024906],[2.51312255859375,48.171580817831654],[2.4444580078125,48.13126755117027],[2.78778076171875,48.16608541901253],[2.801513671875,48.133100659448935],[2.9388427734375,48.16425348854739],[3.087158203125,48.0542179068944],[3.12835693359375,47.97153658265931],[3.02398681640625,47.90529605906087],[3.02398681640625,47.785480119293624],[2.8564453125,47.76148371616668],[2.84820556640625,47.71715357016647],[2.94708251953125,47.65058757118734],[2.977294921875,47.56911375866714],[2.88116455078125,47.51720069783939],[2.7410888671875,47.52647465773269],[2.6641845703125,47.4856569709591],[2.45269775390625,47.60060732292069],[2.2412109375,47.62097541515848],[2.197265625,47.676484442213194],[1.85394287109375,47.689428060158555],[1.79351806640625,47.63578359086485],[1.7083740234375,47.73378179825825],[1.6259765625,47.759637380334595],[1.58203125,47.72823964536174],[1.5325927734375,47.82053186746052],[1.58477783203125,47.86845909334295],[1.58203125,47.90161354142076],[1.52435302734375,47.929226038300406],[1.5216064453125,47.98440682947525],[1.51336669921875,48.02850903443297],[1.84844970703125,48.08541857551198],[1.91436767578125,48.145930585161175],[1.90887451171875,48.15875730456922],[1.966552734375,48.171580817831654],[1.99127197265625,48.27953734226006],[2.16156005859375,48.3051207214039],[2.2027587890625,48.34529727896014],[2.24395751953125,48.33251726168279]]]}},{"type":"Feature","id":"449de13c-39e5-498a-9803-8d238dec272c","properties":{"feature_id":"449de13c-39e5-498a-9803-8d238dec272c","fid":1640331500,"country_code":"IT","level":3,"level_name":"giallo","color":"#ffd54f","type_ids":[3,10],"source":"MeteoAlarm","preset":"now"},"geometry":{"type":"Polygon","coordinates":[[[15.94940185546875,41.106260503564485],[16.0455322265625,41.03171529379289],[15.97137451171875,40.96330795307352],[16.11419677734375,40.901057866884024],[16.16363525390625,40.93219024146562],[16.41082763671875,40.701463603604594],[16.56463623046875,40.76390128094587],[16.72119140625,40.7118739519081],[16.72943115234375,40.47411375247883],[16.84478759765625,40.40931350359072],[16.8695068359375,40.39467254512293],[16.7431640625,40.216635475391215],[16.69097900390625,40.14738878354049],[16.6497802734375,40.117990048904744],[16.622314453125,40.13269100586688],[16.42181396484375,40.143189742924385],[16.35040283203125,39.89920151156921],[16.3382833220281,39.90973623453718],[16.336669921875,39.90973623453718],[16.3092041015625,39.93501296038253],[16.182861328125,39.90762941952986],[16.04827880859375,39.89920151156921],[16.01531982421875,39.9413306837869],[16.03179931640625,39.99605985169436],[15.8477783203125,40.00657966783862],[15.8203125,40.002371935876475],[15.79833984375,39.979224774767324],[15.7928466796875,39.97080568052772],[15.77362060546875,39.9602803542957],[15.76812744140625,39.93711893299021],[15.75439453125,39.92237576385939],[15.75164794921875,39.92026933763398],[15.732421875,39.945542175353026],[15.67474365234375,40.01078714046552],[15.66925048828125,40.03392360399662],[15.64453125,40.04023218690449],[15.66650390625,40.0759697987031],[15.75164794921875,40.210343242362434],[15.809326171875,40.262760664371825],[15.44952392578125,40.611867443030064],[15.4962158203125,40.65147128144056],[15.3863525390625,40.728527124205996],[15.3533935546875,40.88029480552823],[15.4632568359375,40.86991083161536],[15.53741455078125,40.92596493951429],[15.57037353515625,40.9840449469281],[15.55389404296875,41.03793062246528],[15.54290771484375,41.054501963290505],[15.567626953125,41.0938421712962],[15.70770263671875,41.089702205437405],[15.76263427734375,41.089702205437405],[15.853271484375,41.13315883477397],[15.88897705078125,41.12695250600845],[15.94940185546875,41.106260503564485]]]}},{"type":"Feature","id":"5aa5c5a1-02e0-4aa7-9a3b-6a7c71098057","properties":{"feature_id":"5aa5c5a1-02e0-4aa7-9a3b-6a7c71098057","fid":488798300,"country_code":"IT","level":3,"level_name":"giallo","color":"#ffd54f","type_ids":[3,10],"source":"MeteoAlarm","preset":"now"},"geometry":{"type":"Polygon","coordinates":[[[13.94439697265625,42.81555136172695],[13.9801025390625,42.75306280054229],[14.08172607421875,42.601619944327965],[14.19158935546875,42.49437779897246],[14.23828125,42.47209690919286],[14.24102783203125,42.45994035221656],[14.3756103515625,42.38289400961404],[14.425048828125,42.354484651067445],[14.41680908203125,42.34636533160187],[14.50469970703125,42.273244264402734],[14.51019287109375,42.25698360376745],[14.6173095703125,42.204107493733176],[14.7216796875,42.17765282939428],[14.7271728515625,42.108411365705855],[14.7821044921875,42.07172346681077],[14.776611328125,42.02889410108475],[14.69146728515625,41.96765920367816],[14.62554931640625,41.88592102814744],[14.47998046875,41.75492216766298],[14.4305419921875,41.84910468610387],[14.2822265625,41.91045347666419],[14.14764404296875,41.82659537357171],[14.19708251953125,41.7590199381554],[14.12017822265625,41.74262728637671],[14.11468505859375,41.70777900286713],[14.08447265625,41.74262728637671],[14.0185546875,41.683168835258904],[13.97735595703125,41.69547509615208],[13.941650390625,41.68727118379142],[13.88946533203125,41.73033005046652],[13.77410888671875,41.7590199381554],[13.65875244140625,41.81021999190291],[13.5736083984375,41.75287318430238],[13.37860107421875,41.82045509614033],[13.37860107421875,41.914541301823334],[13.14239501953125,42.006448147079894],[13.05450439453125,42.01869237684384],[13.01055908203125,42.073762240087206],[13.09295654296875,42.1817234984124],[13.26873779296875,42.12674735753131],[13.3648681640625,42.17765282939428],[13.128662109375,42.421429015363955],[13.1890869140625,42.58746644784858],[13.24676513671875,42.573309737066396],[13.2550048828125,42.58342200132359],[13.3099365234375,42.573309737066396],[13.3428955078125,42.575332321109954],[13.38958740234375,42.58948857271423],[13.4088134765625,42.640020373863194],[13.37860107421875,42.65012181368023],[13.35113525390625,42.66628070564927],[13.359375,42.69656730969698],[13.4307861328125,42.708677817413104],[13.49395751953125,42.74096095516848],[13.53790283203125,42.81555136172695],[13.64501953125,42.79943131987837],[13.71917724609375,42.851806095847046],[13.919677734375,42.89810063693927],[13.94439697265625,42.81555136172695]]]}},{"type":"Feature","id":"61b50f7c-70bf-497a-bf53-e33786b773c3","properties":{"feature_id":"61b50f7c-70bf-497a-bf53-e33786b773c3","fid":1133028000,"country_code":"IT","level":3,"level_name":"giallo","color":"#ffd54f","type_ids":[3,10],"source":"MeteoAlarm","preset":"now"},"geometry":{"type":"Polygon","coordinates":[[[14.87548828125,42.02889410108475],[15.00732421875,42.00848901572397],[15.0787353515625,41.94723447797776],[15.13916015625,41.92884662818316],[15.1116943359375,41.82659537357171],[15.10345458984375,41.74262728637671],[15.1556396484375,41.70572851523752],[15.062255859375,41.658549251408175],[15.02105712890625,41.623655390686395],[14.952392578125,41.646235928686764],[14.9359130859375,41.53325414281323],[15.01007080078125,41.48594858993135],[14.85626220703125,41.42419375330273],[14.78485107421875,41.45096140120389],[14.7381591796875,41.40771586770284],[14.6832275390625,41.41183573100124],[14.61181640625,41.36650286632722],[14.51019287109375,41.38093038831799],[14.4635009765625,41.42419375330273],[14.1229248046875,41.50652046891491],[14.0789794921875,41.45096140120389],[14.117431640625,41.38917324986403],[14.0460205078125,41.399475357337565],[13.9801025390625,41.46537017728069],[14.01580810546875,41.54558903666811],[13.99658203125,41.642130964728004],[13.941650390625,41.68727118379142],[13.97735595703125,41.69547509615208],[14.0185546875,41.683168835258904],[14.08447265625,41.74262728637671],[14.11468505859375,41.70777900286713],[14.12017822265625,41.74262728637671],[14.19708251953125,41.7590199381554],[14.14764404296875,41.82659537357171],[14.2822265625,41.91045347666419],[14.4305419921875,41.84910468610387],[14.47998046875,41.75492216766298],[14.62554931640625,41.88592102814744],[14.69146728515625,41.96765920367816],[14.776611328125,42.02889410108475],[14.7821044921875,42.07172346681077],[14.87548828125,42.02889410108475]]]}}]}
